100000000
1000000000
1100000000
11200000045
11200000046
11200000048
11200000049
11200000050
11200000051
11200000052
11200000053
11200000054
11200000055
11200000056
11200000057
11200000058
11200000059
11200000060
11200000061
11200000062
11200000063
11200000064
11200000065
11200000066
11200000067
11200000068
11200000069
11200000070
11200000071
11200000072
11200000073
11200000074
11200000075
11200000076
11200000077
11200000078
11200000079
11200000080
11200000081
11200000082
11200000083
11200000084
11200000085
11200000086
11200000087
11200000088
11200000089
11200000090
11200000091
11200000092
11200000093
11200000130
11200000131
11200000132
11200000133
11200000134
11200000135
11200000136
11200000137
11200000138
11200000139
11200000140
11200000141
11200000142
11200000143
11200000144
11200000145
11200000146
11200000147
11200000148
11200000149
11200000150
11200000151
11200000152
11200000153
11200000177
11200000178
11200000179
11200000180
11200000181
11200000182
11200000183
11200000184
11200000185
11200000186
11200000187
11200000188
11200000189
11200000190
11200000191
11200000192
11200000193
11200000194
11200000195
11200000196
11200000197
11200000198
11200000199
11200000201
11200000311
11200000312
11200000313
11200000314
11200000315
11200000316
11200000358
11200000377
11200000408
11200000419
11200000424
11200000425
11200000426
11200000427
11200000428
11200000429
11200000430
11200000431
11200000448
11200000449
11200000450
11200000451
11200000452
11200000453
11200000454
11200000455
11200000456
11200000457
11200000458
11200000459
11200000460
11200000461
11200000462
11200000463
11200000464
11200000465
11200000466
11200000467
11200000468
11200000469
11200000470
11200003993
11200003996
11200003997
11200003998
11200003999
11200004000
11200004001
11200004002
11200004003
11200004004
11200004005
11200004006
11200004007
11200004008
11200004009
11200004010
11200004011
11200004012
11200004013
11200004014
11200004103
11200004104
11200004105
11200004106
11200004107
11200004108
11200004109
11200004110
11200004111
11200004112
11200004113
11200004114
11200004123
11200004124
11200004125
11200004126
11200004127
11200004128
11200004129
11200004130
11200004131
11200004132
11200004133
11200004134
11200004135
11200004136
11200004137
11200004138
11200004139
11200004140
11200004141
11200004142
11200004143
11200004144
11200004145
11200004146
11200004147
11200004148
11200004149
11200004150
11200004151
11200004152
11200004153
11200004154
11200004155
11200004156
11200004157
11200004158
11200004159
11200004160
11200004161
11200004162
11200004163
11200004164
11200004165
11200004166
11200004167
11200004168
11200004169
11200004170
11200004207
11200004208
11200004209
11200004210
11200004211
11200004212
11200004213
11200004214
11200004215
11200004216
11200004217
11200004218
11200004219
11200004220
11200004221
11200004222
11200004223
11200004224
11200004225
11200004226
11200004227
11200004228
11200004229
11200004230
11200004231
11200004232
11200004233
11200004234
11200004235
11200004236
11200004237
11200004238
11200004239
11200004240
11200004241
11200009791
11200009792
11200009793
11200009794
11200009795
11200009796
11200009797
11200009798
11200009799
11200009800
11200009801
11200009802
11200009803
11200009804
11200009805
11200009806
11200009807
11200009808
11200009809
11200009810
11200009811
11200009812
11200009813
11200009814
11200009815
11200009816
11200009817
11200009818
11200009819
11200009820
11200009821
11200009822
11200009831
11200009832
11200009845
11200009869
11200009912
11200009914
11200009920
11200009927
11200009934
11200009943
11200009959
11200009979
11200009986
11200009991
11200010004
11200010066
11200010073
11200010081
11200010086
11200010096
11200010106
11200010123
11200010135
11200010224
11200010230
11200010253
11200010259
11200010268
11200010273
11200010293
11200010294
11200010295
11200010296
11200010297
11200010298
11200010299
11200010300
11200010301
11200010302
11200010303
11200010304
11200010305
11200010306
11200010307
11200010308
11200010309
11200010310
11200010311
11200010312
11200010313
11200010314
11200010315
11200010316
11200010317
11200010318
11200010319
11200010320
11200010321
11200010322
11200010323
11200010324
11200010325
11200010326
11200010327
11200010328
11200010329
11200010330
11200010331
11200010332
11200010333
11200010342
11200010358
11200010413
11200010414
11200010420
11200010431
11200010432
11200010439
11200010491
11200010496
11200010513
11200010529
11200010535
11200010548
11200010552
11200010563
11200010564
11200010568
11200010572
11200010590
11200010591
11200010592
11200010593
11200010594
11200010603
11200010647
11200010650
11200010663
11200010686
11200010691
11200010707
11200010716
11200010737
11200010743
11200010744
11200010750
11200010751
11200010752
11200010753
11200010754
11200010755
11200010756
11200010757
11200010758
11200010759
11200010760
11200010761
11200010762
11200010763
11200010764
11200010765
11200010766
11200010767
11200010768
11200010769
11200010770
11200010771
11200010772
11200010773
11200010774
11200010775
11200010776
11200010777
11200010778
11200010779
11200010780
11200010781
11200010782
11200010783
11200010784
11200010785
11200010786
11200010787
11200010788
11200010789
11200010790
11200010791
11200010792
11200010802
11200010807
11200010817
11200010857
11200010865
11200010891
11200010897
11200010911
11200010914
11200010920
11200010935
11200010946
11200010951
11200010973
11200010974
11200010984
11200011044
11200011048
11200011077
11200011086
11200011097
11200011106
11200011123
11200011131
11200011146
11200011152
11200011188
11200011195
11200011214
11200011227
11200011242
11200011244
11200011250
11200011268
11200011269
11200011270
11200011271
11200011272
11200011273
11200011274
11200011275
11200011276
11200011277
11200011278
11200011279
11200011280
11200011281
11200011282
11200011283
11200011284
11200011285
11200011286
11200011287
11200011288
11200011289
11200011290
11200011291
11200011292
11200011293
11200011294
11200011295
11200011296
11200011297
11200011298
11200011299
11200011304
11200011313
11200011318
11200011325
11200011345
11200011346
11200011347
11200011349
11200011355
11200011390
11200011397
11200011405
11200011426
11200011433
11200011445
11200011461
11200011465
11200011472
11200011527
11200011532
11200011553
11200011559
11200011562
11200011579
11200011587
11200011612
11200011616
11200011637
11200011638
11200011639
11200011640
11200011641
11200011642
11200011643
11200011644
11200011645
11200011646
11200011647
11200011648
11200011649
11200011650
11200011651
11200011652
11200011653
11200011654
11200011655
11200011656
11200011657
11200011658
11200011659
11200011660
11200011661
11200011662
11200011663
11200011677
11200011723
11200011730
11200011748
11200011754
11200011768
11200011772
11200011792
11200011799
11200011818
11200011819
11200011837
11200011891
11200011892
11200011902
11200011920
11200011927
11200011943
11200011944
11200011953
11200012034
11200012040
11200012060
11200012061
11200012062
11200012063
11200012064
11200012065
11200012066
11200012067
11200012068
11200012069
11200012070
11200012071
11200012072
11200012073
11200012074
11200012075
11200012076
11200012077
11200012078
11200012079
11200012080
11200012081
11200012082
11200012083
11200012084
11200012085
11200012086
11200012087
11200012088
11200012089
11200012090
11200012091
11200012092
11200012093
11200012094
11200012095
11200012096
11200012097
11200012098
11200012099
11200012100
11200012101
11200012107
11200012118
11200012123
11200012124
11200012130
11200012148
11200012149
11200012153
11200012155
11200012158
11200012163
11200012182
11200012184
11200012186
11200012188
11200012190
11200012193
11200012205
11200012249
11200012255
11200012272
11200012274
11200012280
11200012291
11200012310
11200012316
11200012317
11200012320
11200012328
11200012329
11200012332
11200012343
11200012386
11200012393
11200012413
11200012423
11200012440
11200012445
11200012451
11200012475
11200012870
11200013355
11200013826
11200013827
11200013828
11200013829
11200013830
11200013831
11200013832
11200013833
11200013834
11200013835
11200013836
11200013837
11200013838
11200013839
11200013840
11200013841
11200013842
11200013843
11200013844
11200013845
11200013846
11200013847
11200013848
11200013849
11200013850
11200013851
11200013852
11200013853
11200013854
11200013855
11200013856
11200013857
11200013858
11200013859
11200013860
11200013861
11200013862
11200013863
11200013864
11200013865
11200013866
11200013867
11200013868
11200013869
11200013870
11200013877
11200013900
11200013908
11200013930
11200013931
11200013934
11200013935
11200013941
11200013947
11200013967
11200013970
11200013972
11200013974
11200013976
11200013977
11200013983
11200014040
11200014045
11200014077
11200014081
11200014092
11200014103
11200014121
11200014126
11200014165
11200014177
11200014182
11200014214
11200014215
11200014219
11200014226
11200014231
11200014233
11200014236
11200014244
11200014273
11200014277
11200014298
11200014302
11200014335
11200014341
11200014346
11200014378
11200014379
11200014380
11200014381
11200014382
11200014383
11200014384
11200014385
11200014386
11200014387
11200014388
11200014389
11200014390
11200014391
11200014392
11200014393
11200014394
11200014395
11200014396
11200014397
11200014398
11200014399
11200014400
11200014413
11200014465
11200014471
11200014494
11200014498
11200014512
11200014517
11200014531
11200014538
11200014566
11200014571
11200014590
11200014601
11200014611
11200014613
11200014622
11200014639
11200014640
11200014641
11200014642
11200014643
11200014644
11200014645
11200014646
11200014647
11200014648
11200014649
11200014650
11200014651
11200014652
11200014653
11200014654
11200014655
11200014656
11200014657
11200014658
11200014659
11200014660
11200014661
11200014662
11200014663
11200014664
11200014665
11200014666
11200014667
11200014668
11200014669
11200014670
11200014671
11200014672
11200014673
11200014674
11200014675
11200014676
11200014677
11200014678
11200014679
11200014680
11200014681
11200014684
11200014693
11200014694
11200014702
11200014717
11200014727
11200014754
11200014755
11200014756
11200014758
11200014759
11200014763
11200014765
11200014768
11200014769
11200014780
11200014795
11200014798
11200014802
11200014816
11200014818
11200014820
11200014826
11200014832
11200014836
11200014847
11200014851
11200014903
11200014907
11200014928
11200014933
11200014953
11200014960
11200014973
11200014974
11200014984
11200015055
11200015061
11200015085
11200015086
11200015087
11200015088
11200015089
11200015090
11200015091
11200015092
11200015093
11200015094
11200015095
11200015096
11200015097
11200015098
11200015099
11200015100
11200015101
11200015102
11200015103
11200015104
11200015105
11200015106
11200015107
11200015113
11200015134
11200015139
11200015160
11200015161
11200015182
11200015195
11200015280
11200015290
11200015299
11200015308
11200015326
11200015327
11200015343
11200015422
11200015429
11200015452
11200015457
11200015475
11200015484
11200015513
11200015514
11200015515
11200015516
11200015517
11200015518
11200015519
11200015520
11200015521
11200015522
11200015523
11200015524
11200015525
11200015526
11200015527
11200015528
11200015529
11200015530
11200015531
11200015532
11200015533
11200015534
11200015535
11200015536
11200015537
11200015538
11200015539
11200015540
11200015541
11200015542
11200015543
11200015544
11200015545
11200015550
11200015578
11200015592
11200015597
11200015598
11200015605
11200015648
11200015653
11200015695
11200015698
11200015702
11200015707
11200015728
11200015733
11200015760
11200015768
11200015769
11200015773
11200015782
11200015790
11200015828
11200015831
11200015859
11200015863
11200015891
11200015899
11200015903
11200015916
11200015917
11200015929
11200015980
11200015981
11200015982
11200015983
11200015984
11200015985
11200015986
11200015987
11200015988
11200015989
11200015990
11200015991
11200015992
11200015993
11200015994
11200015995
11200015996
11200015997
11200015998
11200015999
11200016000
11200016001
11200016007
11200016023
11200016031
11200016047
11200016055
11200016065
11200016102
11200016107
11200016123
11200016128
11200016148
11200016153
11200016174
11200016187
11200016202
11200016207
11200016214
11200016226
11200016227
11200016228
11200016229
11200016230
11200016231
11200016232
11200016233
11200016234
11200016235
11200016236
11200016237
11200016238
11200016239
11200016240
11200016241
11200016242
11200016243
11200016244
11200016245
11200016246
11200016247
11200016248
11200016249
11200016250
11200016251
11200016252
11200016253
11200016254
11200016255
11200016256
11200016257
11200016258
11200016266
11200016271
11200016282
11200016297
11200016298
11200016300
11200016306
11200016327
11200016328
11200016329
11200016339
11200016353
11200016359
11200016401
11200016406
11200016423
11200016433
11200016454
11200016461
11200016487
11200016498
11200016512
11200016513
11200016526
11200016594
11200016602
11200016616
11200016622
11200016639
11200016640
11200016641
11200016642
11200016643
11200016644
11200016645
11200016646
11200016647
11200016648
11200016649
11200016650
11200016651
11200016652
11200016653
11200016654
11200016655
11200016656
11200016657
11200016658
11200016659
11200016660
11200016661
11200016662
11200016663
11200016664
11200016665
11200016666
11200016667
11200016668
11200016678
11200016693
11200016700
11200016714
11200016719
11200016736
11200016742
11200016762
11200016763
11200016767
11200016781
11200016833
11200016839
11200016868
11200016877
11200016899
11200016906
11200016928
11200016948
11200016949
11200016958
11200017014
11200017021
11200017047
11200017053
11200017073
11200017082
11200017110
11200017111
11200017112
11200017113
11200017114
11200017115
11200017116
11200017117
11200017118
11200017119
11200017120
11200017121
11200017122
11200017123
11200017124
11200017125
11200017126
11200017127
11200017128
11200017129
11200017130
11200017131
11200017132
11200017133
11200017134
11200017135
11200017136
11200017137
11200017138
11200017139
11200017140
11200017141
11200017142
11200017147
11200017156
11200017176
11200017190
11200017191
11200017252
11200017253
11200017267
11200017282
11200017291
11200017296
11200017327
11200017333
11200017351
11200017361
11200017390
11200017393
11200017398
11200017425
11200017435
11200017444
11200017456
11200017457
11200017460
11200017465
11200017496
11200017504
11200017527
11200017532
11200017537
11200017559
11200017560
11200017561
11200017562
11200017563
11200017564
11200017565
11200017566
11200017567
11200017568
11200017569
11200017570
11200017571
11200017572
11200017573
11200017574
11200017575
11200017576
11200017577
11200017578
11200017579
11200017580
11200017581
11200017582
11200017583
11200017584
11200017585
11200017586
11200017590
11200017607
11200017618
11200017662
11200017668
11200017686
11200017693
11200017707
11200017769
11200017772
11200017785
11200017794
11200017808
11200017813
11200017826
11200017835
11200017849
11200017854
11200017865
11200017869
11200017878
11200017896
11200017897
11200017898
11200017899
11200017900
11200017901
11200017902
11200017903
11200017904
11200017905
11200017906
11200017907
11200017908
11200017909
11200017910
11200017911
11200017912
11200017913
11200017914
11200017915
11200017916
11200017917
11200017918
11200017919
11200017920
11200017921
11200017922
11200017923
11200017924
11200017925
11200017926
11200017930
11200017934
11200017939
11200017964
11200017965
11200017972
11200017993
11200017994
11200017995
11200018004
11200018019
11200018020
11200018032
11200018039
11200018062
11200018066
11200018094
11200018099
11200018120
11200018121
11200018122
11200018129
11200018140
11200018153
11200018205
11200018213
11200018230
11200018231
11200018232
11200018233
11200018234
11200018235
11200018236
11200018237
11200018238
11200018239
11200018240
11200018241
11200018242
11200018243
11200018244
11200018245
11200018246
11200018247
11200018248
11200018249
11200018250
11200018251
11200018252
11200018253
11200018254
11200018255
11200018256
11200018257
11200018263
11200018276
11200018280
11200018303
11200018307
11200018308
11200018317
11200018332
11200018342
11200018386
11200018394
11200018416
11200018422
11200018442
11200018445
11200018450
11200018468
11200018473
11200018491
11200018492
11200018501
11200018542
11200018548
11200018566
11200018573
11200018669
11200018670
11200018671
11200018672
11200018673
11200018674
11200018675
11200018757
11200018758
11200018759
11200018760
11200018761
11200018762
11200018763
11200018764
11200018765
11200018766
11200018767
11200018768
11200018769
11200018770
11200018771
11200018772
11200018773
11200018774
11200018775
11200018776
11200018777
11200018778
11200018779
11200018780
11200018781
11200018782
11200018783
11200018784
11200018785
11200018786
11200018787
11200018788
11200018789
11200018795
11200018839
11200018840
11200018844
11200018861
11200018862
11200018863
11200018870
11200018911
11200018916
11200018945
11200018950
11200018952
11200018957
11200018981
11200018988
11200019014
11200019019
11200019025
11200019052
11200019061
11200019075
11200019083
11200019115
11200019121
11200019133
11200019139
11200019153
11200019161
11200019169
11200019184
11200019185
11200019186
11200019187
11200019188
11200019189
11200019190
11200019191
11200019192
11200019193
11200019194
11200019195
11200019196
11200019197
11200019198
11200019199
11200019200
11200019201
11200019202
11200019203
11200019204
11200019205
11200019206
11200019207
11200019208
11200019209
11200019216
11200019227
11200019259
11200019264
11200019285
11200019291
11200019311
11200019317
11200019333
11200019339
11200019360
11200019365
11200019387
11200019394
11200019422
11200019427
11200019434
11200019454
11200019464
11200019474
11200019475
11200019489
11200019490
11200019491
11200019492
11200019493
11200019494
11200019495
11200019496
11200019497
11200019498
11200019499
11200019500
11200019501
11200019529
11200019530
11200019531
11200019532
11200019533
11200019559
11200019560
11200019561
11200019562
11200019563
1200000000
1200690001
1200690002
1200700001
1200700002
1200700003
1200700004
1200700005
1200700006
1200700007
1200700008
1200700009
1200700010
1200700011
1200700012
1200700013
1200700014
1200700015
1200700016
1200700017
1200700018
1200700019
1200700020
1200700021
1200700022
1200700023
1200700024
1200700025
1200700026
1200700027
1200700028
1200700029
1200700030
1200700031
1200700032
1200700033
1200700034
1200700035
1200700036
1200700037
1200700038
1200700039
1200700040
1200700041
1200700042
1200700043
1200700044
1200700045
1200700046
1200700047
1200700048
1200700049
1200700050
1200700051
1200700052
1200700053
1200700054
1200700055
1200700056
1200700057
1200700058
1200700059
1200700060
1200700061
1200700062
1200700063
1200700064
1200700065
1200700066
1200700067
1200700068
1200700069
1200700070
1200700071
1200700072
1200700073
1200700074
1200700075
1200700076
1200700077
1200700078
1200700079
1200700080
1200700081
1200700082
1200700083
1200700084
1200700085
1200700086
1200700087
1200700088
1200700089
1200700090
1200700091
1200700092
1200700093
1200700094
1200700095
1200700096
1200700097
1200700098
1200700099
1200700100
1200700101
1200700102
1200700103
1200700104
1200700105
1200700106
1200700107
1200700108
1200700109
1200700110
1200700111
1200700112
1200700113
1200700114
1200700115
1200700116
1200700117
1200700118
1200700119
1200700120
1200700121
1200700122
1200700123
1200700124
1200700125
1200700126
1200700127
1200700128
1200700129
1200700130
1200700131
1200700132
1200700133
1200700134
1200700135
1200700136
1200700137
1200700138
1200700139
1200700140
1200700141
1200700142
1200700143
1200700144
1200700145
1200700146
1200700147
1200700148
1200700149
1200700150
1200700151
1200700152
1200700153
1200700154
1200700155
1200700156
1200700157
1200700158
1200700159
1200700160
1200700161
1200700162
1200700163
1200700164
1200700165
1200700166
1200700167
1200700168
1200700169
1200700170
1200700171
1200700172
1200700173
1200700174
1200700175
1200700176
1200700177
1200700178
1200700179
1200700180
1200700181
1200700182
1200700183
1200700184
1200700185
1200700186
1200700187
1200700188
1200700189
1200700190
1200700191
1200700192
1200700193
1200700194
1200700195
1200700196
1200700197
1200700198
1200700199
1200700200
1200700201
1200700202
1200700203
1200700204
1200700205
1200700206
1200700207
1200700208
1200700209
1200700210
1200700211
1200700212
1200700213
1200700214
1200700215
1200700216
1200700217
1200700218
1200700219
1200700220
1200700221
1200700222
1200700223
1200700224
1200700225
1200700226
1200700227
1200700228
1200700229
1200700230
1200700231
1200700232
1200700233
1200700234
1200700235
1200700236
1200700237
1200700238
1200700239
1200700240
1200700241
1200700242
1200700243
1200700244
1200700245
1200700246
1200700247
1200700248
1200700249
1200700250
1200700251
1200700252
1200700253
1200700254
1200700255
1200700256
1200700257
1200700258
1200700259
1200700260
1200700261
1200700262
1200700263
1200700264
1200700265
1200700266
1200700267
1200700268
1200700269
1200700270
1200700271
1200700272
1200700273
1200700274
1200700275
1200700276
1200700277
1200700278
1200700279
1200700280
1200700281
1200700282
1200700283
1200700284
1200700285
1200700286
1200700287
1200700288
1200700289
1200700290
1200700291
1200700292
1200700293
1200700294
1200700295
1200700296
1200700297
1200700298
1200700299
1200700300
1200700301
1200700302
1200700303
1200700304
1200700305
1200700306
1200700307
1200700308
1200700309
1200700310
1200700311
1200700312
1200700313
1200700314
1200700315
1200700316
1200700317
1200700318
1200700319
1200700320
1200700321
1200700322
1200700323
1200700324
1200700325
1200700326
1200700327
1200700328
1200700329
1200700330
1200700331
1200700332
1200700333
1200700334
1200700335
1200700336
1200700337
1200700338
1200700339
1200700340
1200700341
1200700342
1200700343
1200700344
1200700345
1200700346
1200700347
1200700348
1200700349
1200700350
1200700351
1200700352
1200700353
1200700354
1200700355
1200700356
1200700357
1200700358
1200700359
1200700360
1200700361
1200700362
1200700363
1200700364
1200700365
1200700366
1200700367
1200700368
1200700369
1200700370
1200700371
1200700372
1200700373
1200700374
1200700375
1200700376
1200700377
1200700378
1200700379
1200700380
1200700381
1200700382
1200700383
1200700384
1200700385
1200700386
1200700387
1200700388
1200700389
1200700390
1200700391
1200700392
1200700393
1200700394
1200700395
1200700396
1200700397
1200700398
1200700399
1200700400
1200700401
1200700402
1200700403
1200700404
1200700405
1200700406
1200700407
1200700408
1200700409
1200700410
1200700411
1200700412
1200700413
1200700414
1200700415
1200700416
1200700417
1200700418
1200700419
1200700420
1200710001
1200710002
1200710003
1200710004
1200710005
1200710006
1200710007
1200710008
1200710009
1200710010
1200710011
1200710012
1200710013
1200710014
1200710015
1200710016
1200710017
1200710018
1200710019
1200710020
1200710021
1200710022
1200710023
1200710024
1200710025
1200710026
1200710027
1200710028
1200710029
1200710030
1200710031
1200710032
1200710033
1200710034
1200710035
1200710036
1200710037
1200710038
1200710039
1200710040
1200710041
1200710042
1200710043
1200710044
1200710045
1200710046
1200710047
1200710048
1200710049
1200710050
1200710051
1200710052
1200710053
1200710054
1200710055
1200710056
1200710057
1200710058
1200710059
1200710060
1200710061
1200710062
1200710063
1200710064
1200710065
1200710066
1200710067
1200710068
1200710069
1200710070
1200710071
1200710072
1200710073
1200710074
1200710075
1200710076
1200710077
1200710078
1200710079
1200710080
1200710081
1200710082
1200710083
1200710084
1200710085
1200710086
1200710087
1200710088
1200710089
1200710090
1200710091
1200710092
1200710093
1200710094
1200710095
1200710096
1200710097
1200710098
1200710099
1200710100
1200710101
1200710102
1200710103
1200710104
1200710105
1200710106
1200710107
1200710108
1200710109
1200710110
1200710111
1200710112
1200710113
1200710114
1200710115
1200710116
1200710117
1200710118
1200710119
1200710120
1200710121
1200710122
1200710123
1200710124
1200710125
1200710126
1200710127
1200710128
1200710129
1200710130
1200710131
1200710132
1200710133
1200710134
1200710135
1200710136
1200710137
1200710138
1200710139
1200710140
1200710141
1200710142
1200710143
1200710144
1200710145
1200710146
1200710147
1200710148
1200710149
1200710150
1200710151
1200710152
1200710153
1200710154
1200710155
1200710156
1200710157
1200710158
1200710159
1200710160
1200710161
1200710162
1200710163
1200710164
1200710165
1200710166
1200710167
1200710168
1200710169
1200710170
1200710171
1200710172
1200710173
1200710174
1200710175
1200710176
1200710177
1200710178
1200710179
1200710180
1200710181
1200710182
1200710183
1200710184
1200710185
1200710186
1200710187
1200710188
1200710189
1200710190
1200710191
1200710192
1200710193
1200710194
1200710195
1200710196
1200710197
1200710198
1200710199
1200710200
1200710201
1200710202
1200710203
1200710204
1200710205
1200710206
1200710207
1200710208
1200710209
1200710210
1200710211
1200710212
1200710213
1200710214
1200710215
1200710216
1200710217
1200710218
1200710219
1200710220
1200710221
1200710222
1200710223
1200710224
1200710225
1200710226
1200710227
1200710228
1200710229
1200710230
1200710231
1200710232
1200710233
1200710234
1200710235
1200710236
1200710237
1200710238
1200710239
1200710240
1200710241
1200710242
1200710243
1200710244
1200710245
1200710246
1200710247
1200710248
1200710249
1200710250
1200710251
1200710252
1200710253
1200710254
1200710255
1200710256
1200710257
1200710258
1200710259
1200710260
1200710261
1200710262
1200710263
1200710264
1200710265
1200710266
1200710267
1200710268
1200710269
1200710270
1200710271
1200710272
1200710273
1200710274
1200710275
1200710276
1200710277
1200710278
1200710279
1200710280
1200710281
1200710282
1200710283
1200710284
1200710285
1200710286
1200710287
1200710288
1200710289
1200710290
1200710291
1200710292
1200710293
1200710294
1200710295
1200710296
1200710297
1200710298
1200710299
1200710300
1200710301
1200710302
1200710303
1200710304
1200710305
1200710306
1200710307
1200710308
1200710309
1200710310
1200710311
1200710312
1200710313
1200710314
1200710315
1200710316
1200710317
1200710318
1200710319
1200710320
1200710321
1200710322
1200710323
1200710324
1200710325
1200710326
1200710327
1200710328
1200710329
1200710330
1200710331
1200710332
1200710333
1200710334
1200710335
1200710336
1200710337
1200710338
1200710339
1200710340
1200710341
1200710342
1200710343
1200710344
1200710345
1200710346
1200710347
1200710348
1200710349
1200710350
1200710351
1200710352
1200710353
1200710354
1200710355
1200710356
1200710357
1200710358
1200710359
1200710360
1200710361
1200710362
1200710363
1200710364
1200710365
1200710366
1200710367
1200710368
1200710369
1200710370
1200710371
1200710372
1200710373
1200710374
1200710375
1200710376
1200710377
1200710378
1200710379
1200710380
1200710381
1200710382
1200710383
1200710384
1200710385
1200710386
1200710387
1200710388
1200710389
1200710390
1200710391
1200710392
1200710393
1200710394
1200710395
1200710396
1200710397
1200710398
1200710399
1200710400
1200710401
1200710402
1200710403
1200710404
1200710405
1200710406
1200710407
1200710408
1200710409
1200710410
1200710411
1200710412
1200710413
1200710414
1200710415
1200710416
1200710417
1200710418
1200710419
1200710420
1200710421
1200710422
1200710423
1200710424
1200710425
1200710426
1200710427
1200710428
1200710429
1200710430
1200710431
1200710432
1200710433
1200710434
1200710435
1200710436
1200710437
1200710438
1200710439
1200710440
1200710441
1200710442
1200710443
1200710444
1200710445
1200710446
1200710447
1200710448
1200710449
1200710450
1200710451
1200710452
1200710453
1200710454
1200710455
1200710456
1200710457
1200710458
1200710459
1200710460
1200710461
1200710462
1200710463
1200710464
1200710465
1200710466
1200710467
1200710468
1200710469
1200710470
1200710471
1200710472
1200710473
1200710474
1200710475
1200710476
1200710477
1200710478
1200710479
1200710480
1200710481
1200710482
1200710483
1200710484
1200710485
1200710486
1200710487
1200710488
1200710489
1200710490
1200710491
1200710492
1200710493
1200710494
1200710495
1200710496
1200710497
1200710498
1200710499
1200710500
1200710501
1200710502
1200710503
1200710504
1200710505
1200710506
1200710507
1200710508
1200710509
1200710510
1200710511
1200710512
1200710513
1200710514
1200710515
1200710516
1200710517
1200710518
1200710519
1200710520
1200710521
1200710522
1200710523
1200710524
1200710525
1200710526
1200710527
1200710528
1200710529
1200710530
1200710531
1200710532
1200710533
1200710534
1200710535
1200710536
1200710537
1200710538
1200710539
1200710540
1200710541
1200710542
1200710543
1200710544
1200710545
1200710546
1200710547
1200710548
1200710549
1200710550
1200710551
1200710552
1200710553
1200710554
1200710555
1200710556
1200710557
1200710558
1200710559
1200710560
1200710561
1200710562
1200710563
1200710564
1200710565
1200720001
1200720002
1200720003
1200720004
1200720005
1200720006
1200720007
1200720008
1200720009
1200720010
1200720011
1200720012
1200720013
1200720014
1200720015
1200720016
1200720017
1200720018
1200720019
1200720020
1200720021
1200720022
1200720023
1200720024
1200720025
1200720026
1200720027
1200720028
1200720029
1200720030
1200720031
1200720032
1200720033
1200720034
1200720035
1200720036
1200720037
1200720038
1200720039
1200720040
1200720041
1200720042
1200720043
1200720044
1200720045
1200720046
1200720047
1200720048
1200720049
1200720050
1200720051
1200720052
1200720053
1200720054
1200720055
1200720056
1200720057
1200720058
1200720059
1200720060
1200720061
1200720062
1200720063
1200720064
1200720065
1200720066
1200720067
1200720068
1200720069
1200720070
1200720071
1200720072
1200720073
1200720074
1200720075
1200720076
1200720077
1200720078
1200720079
1200720080
1200720081
1200720082
1200720083
1200720084
1200720085
1200720086
1200720087
1200720088
1200720089
1200720090
1200720091
1200720092
1200720093
1200720094
1200720095
1200720096
1200720097
1200720098
1200720099
1200720100
1200720101
1200720102
1200720103
1200720104
1200720105
1200720106
1200720107
1200720108
1200720109
1200720110
1200720111
1200720112
1200720113
1200720114
1200720115
1200720116
1200720117
1200720118
1200720119
1200720120
1200720121
1200720122
1200720123
1200720124
1200720125
1200720126
1200720127
1200720128
1200720129
1200720130
1200720131
1200720132
1200720133
1200720134
1200720135
1200720136
1200720137
1200720138
1200720139
1200720140
1200720141
1200720142
1200720143
1200720144
1200720145
1200720146
1200720147
1200720148
1200720149
1200720150
1200720151
1200720152
1200720153
1200720154
1200720155
1200720156
1200720157
1200720158
1200720159
1200720160
1200720161
1200720162
1200720163
1200720164
1200720165
1200720166
1200720167
1200720168
1200720169
1200720170
1200720171
1200720172
1200720173
1200720174
1200720175
1200720176
1200720177
1200720178
1200720179
1200720180
1200720181
1200720182
1200720183
1200720184
1200720185
1200720186
1200720187
1200720188
1200720189
1200720190
1200720191
1200720192
1200720193
1200720194
1200720195
1200720196
1200720197
1200720198
1200720199
1200720200
1200720201
1200720202
1200720203
1200720204
1200720205
1200720206
1200720207
1200720208
1200720209
1200720210
1200720211
1200720212
1200720213
1200720214
1200720215
1200720216
1200720217
1200720218
1200720219
1200720220
1200720221
1200720222
1200720223
1200720224
1200720225
1200720226
1200720227
1200720228
1200720229
1200720230
1200720231
1200720232
1200720233
1200720234
1200720235
1200720236
1200720237
1200720238
1200720239
1200720240
1200720241
1200720242
1200720243
1200720244
1200720245
1200720246
1200720247
1200720248
1200720249
1200720250
1200720251
1200720252
1200720253
1200720254
1200720255
1200720256
1200720257
1200720258
1200720259
1200720260
1200720261
1200720262
1200720263
1200720264
1200720265
1200720266
1200720267
1200720268
1200720269
1200720270
1200720271
1200720272
1200720273
1200720274
1200720275
1200720276
1200720277
1200720278
1200720279
1200720280
1200720281
1200720282
1200720283
1200720284
1200720285
1200720286
1200720287
1200720288
1200720289
1200720290
1200720291
1200720292
1200720293
1200720294
1200720295
1200720296
1200720297
1200720298
1200720299
1200720300
1200720301
1200720302
1200720303
1200720304
1200720305
1200720306
1200720307
1200720308
1200720309
1200720310
1200720311
1200720312
1200720313
1200720314
1200720315
1200720316
1200720317
1200720318
1200720319
1200720320
1200720321
1200720322
1200720323
1200720324
1200720325
1200720326
1200720327
1200720328
1200720329
1200720330
1200720331
1200720332
1200720333
1200720334
1200720335
1200720336
1200720337
1200720338
1200720339
1200720340
1200720341
1200720342
1200720343
1200720344
1200720345
1200720346
1200720347
1200720348
1200720349
1200720350
1200720351
1200720352
1200720353
1200720354
1200720355
1200720356
1200720357
1200720358
1200720359
1200720360
1200720361
1200720362
1200720363
1200720364
1200720365
1200720366
1200720367
1200720368
1200720369
1200720370
1200720371
1200720372
1200720373
1200720374
1200720375
1200720376
1200720377
1200720378
1200720379
1200720380
1200720381
1200720382
1200720383
1200720384
1200720385
1200720386
1200720387
1200720388
1200720389
1200720390
1200720391
1200720392
1200720393
1200720394
1200720395
1200720396
1200720397
1200720398
1200720399
1200720400
1200720401
1200720402
1200720403
1200720404
1200720405
1200720406
1200720407
1200720408
1200720409
1200720410
1200720411
1200720412
1200720413
1200720414
1200720415
1200720416
1200750001
1200750002
1200750003
1200750004
1200750005
1200750006
1200750007
1200750008
1200750009
1200750010
1200750011
1200750012
1200750013
1200750014
1200750015
1200750016
1200750017
1200750018
1200750019
1200750020
1200750021
1200750022
1200750023
1200750024
1200750025
1200750026
1200750027
1200750028
1200750029
1200750030
1200750031
1200750032
1200750033
1200750034
1200750035
1200750036
1200750037
1200750038
1200750039
1200750040
1200750041
1200750042
1200750043
1200750044
1200750045
1200750046
1200750047
1200750048
1200750049
1200750050
1200750051
1200750052
1200750053
1200750054
1200750055
1200750056
1200750057
1200750058
1200750059
1200750060
1200750061
1200750062
1200750063
1200750064
1200750065
1200750066
1200750067
1200750068
1200750069
1200750070
1200750071
1200750072
1200750073
1200750074
1200750075
1200750076
1200750077
1200750078
1200750079
1200750080
1200750081
1200750082
1200750083
1200750084
1200750085
1200750086
1200750087
1200750088
1200750089
1200750090
1200750091
1200750092
1200750093
1200750094
1200750095
1200750096
1200750097
1200750098
1200750099
1200750100
1200750101
1200750102
1200750103
1200750104
1200750105
1200750106
1200750107
1200750108
1200750109
1200750110
1200750111
1200750112
1200750113
1200750114
1200750115
1200750116
1200750117
1200750118
1200750119
1200750120
1200750121
1200750122
1200750123
1200750124
1200750125
1200750126
1200750127
1200750128
1200750129
1200750130
1200750131
1200750132
1200750133
1200750134
1200750135
1200750136
1200750137
1200750138
1200750139
1200750140
1200750141
1200750142
1200750143
1200750144
1200750145
1200750146
1200750147
1200750148
1200750149
1200750150
1200750151
1200750152
1200750153
1200750154
1200750155
1200750156
1200750157
1200750158
1200750159
1200750160
1200750161
1200750162
1200750163
1200750164
1200750165
1200750166
1200750167
1200750168
1200750169
1200750170
1200760001
1200760002
1200760003
1200760004
1200760005
1200760006
1200760007
1200760008
1200760009
1200760010
1200760011
1200760012
1200760013
1200760014
1200760015
1200760016
1200760017
1200760018
1200760019
1200760020
1200760021
1200760022
1200760023
1200760024
1200760025
1200760026
1200760027
1200760028
1200760029
1200760030
1200760031
1200760032
1200760033
1200760034
1200760035
1200760036
1200760037
1200760038
1200760039
1200760040
1200760041
1200760042
1200760043
1200760044
1200760045
1200760046
1200760047
1200760048
1200760049
1200760050
1200760051
1200760052
1200760053
1200760054
1200760055
1200760056
1200760057
1200760058
1200760059
1200760060
1200760061
1200760062
1200760063
1200760064
1200760065
1200760066
1200760067
1200760068
1200760069
1200760070
1200760071
1200760072
1200760073
1200760074
1200760075
1200760076
1200760077
1200760078
1200760079
1200760080
1200760081
1200760082
1200760083
1200760084
1200760085
1200760086
1200760087
1200760088
1200760089
1200760090
1200760091
1200760092
1200760093
1200760094
1200760095
1200760096
1200760097
1200760098
1200760099
1200760100
1200760101
1200760102
1200760103
1200760104
1200760105
1200760106
1200760107
1200760108
1200760109
1200760110
1200760111
1200760112
1200760113
1200760114
1200760115
1200760116
1200760117
1200760118
1200760119
1200760120
1200760121
1200760122
1200760123
1200760124
1200760125
1200760126
1200760127
1200760128
1200760129
1200760130
1200760131
1200760132
1200760133
1200760134
1200760135
1200760136
1200760137
1200760138
1200760139
1200760140
1200760141
1200760142
1200760143
1200760144
1200760145
1200760146
1200760147
1200760148
1200760149
1200760150
1200760151
1200760152
1200760153
1200760154
1200760155
1200760156
1200760157
1200760158
1200760159
1200760160
1200760161
1200760162
1200760163
1200760164
1200760165
1200760166
1200760167
1200760168
1200760169
1200760170
1200760171
1200760172
1200760173
1200760174
1200760175
1200760176
1200760177
1200760178
1200760179
1200760180
1200760181
1200760182
1200760183
1200760184
1200760185
1200760186
1200760187
1200760188
1200760189
1200760190
1200760191
1200760192
1200760193
1200760194
1200760195
1200760196
1200760197
1200760198
1200760199
1200760200
1200760201
1200760202
1200760203
1200760204
1200760205
1200760206
1200760207
1200760208
1200760209
1200760210
1200760211
1200760212
1200760213
1200760214
1200760215
1200760216
1200760217
1200760218
1200760219
1200760220
1200760221
1200760222
1200760223
1200760224
1200760225
1200760226
1200760227
1200760228
1200760229
1200760230
1200760231
1200760232
1200760233
1200760234
1200760235
1200760236
1200760237
1200760238
1200760239
1200760240
1200760241
1200770001
1200770002
1200770003
1200770004
1200770005
1200770006
1200770007
1200770008
1200770009
1200770010
1200770011
1200770012
1200770013
1200770014
1200770015
1200770016
1200770017
1200770018
1200770019
1200770020
1200770021
1200770022
1200770023
1200770024
1200770025
1200770026
1200770027
1200770028
1200770029
1200770030
1200770031
1200770032
1200770033
1200770034
1200770035
1200770036
1200770037
1200770038
1200770039
1200770040
1200770041
1200770042
1200770043
1200770044
1200770045
1200770046
1200770047
1200770048
1200770049
1200770050
1200770051
1200770052
1200770053
1200770054
1200770055
1200770056
1200770057
1200770058
1200770059
1200770060
1200770061
1200770062
1200770063
1200770064
1200770065
1200770066
1200770067
1200770068
1200770069
1200770070
1200770071
1200770072
1200770073
1200770074
1200770075
1200770076
1200770077
1200770078
1200770079
1200770080
1200770081
1200770082
1200770083
1200770084
1200770085
1200770086
1200770087
1200770088
1200770089
1200770090
1200770091
1200770092
1200770093
1200770094
1200770095
1200770096
1200770097
1200770098
1200770099
1200770100
1200770101
1200770102
1200770103
1200770104
1200770105
1200770106
1200770107
1200770108
1200770109
1200770110
1200770111
1200770112
1200770113
1200770114
1200770115
1200770116
1200770117
1200770118
1200770119
1200770120
1200770121
1200770122
1200770123
1200770124
1200770125
1200770126
1200770127
1200770128
1200770129
1200770130
1200770131
1200770132
1200770133
1200770134
1200770135
1200770136
1200770137
1200770138
1200770139
1200770140
1200770141
1200770142
1200770143
1200770144
1200770145
1200770146
1200770147
1200770148
1200770149
1200770150
1200770151
1200770152
1200770153
1200770154
1200770155
1200770156
1200770157
1200770158
1200770159
1200770160
1200770161
1200770162
1200770163
1200770164
1200770165
1200770166
1200770167
1200770168
1200770169
1200770170
1200770171
1200770172
1200770173
1200770174
1200770175
1200770176
1200770177
1200770178
1200770179
1200770180
1200770181
1200770182
1200770183
1200770184
1200770185
1200770186
1200770187
1200770188
1200770189
1200770190
1200770191
1200770192
1200770193
1200770194
1200770195
1200770196
1200770197
1200770198
1200770199
1200770200
1200770201
1200770202
1200770203
1200770204
1200770205
1200770206
1200770207
1200770208
1200770209
1200770210
1200770211
1200770212
1200770213
1200770214
1200770215
1200770216
1200770217
1200770218
1200770219
1200770220
1200770221
1200770222
1200770223
1200770224
1200770225
1200770226
1200770227
1200770228
1200770229
1200770230
1200770231
1200770232
1200770233
1200770234
1200770235
1200770236
1200770237
1200770238
1200770239
1200770240
1200770241
1200770242
1200770243
1200770244
1200770245
1200770246
1200770247
1200770248
1200770249
1200770250
1200770251
1200770252
1200770253
1200770254
1200770255
1200770256
1200770257
1200770258
1200770259
1200770260
1200770261
1200770262
1200770263
1200770264
1200770265
1200770266
1200770267
1200770268
1200770269
1200770270
1200770271
1200770272
1200770273
1200770274
1200770275
1200770276
1200770277
1200770278
1200770279
1200770280
1200770281
1200770282
1200770283
1200770284
1200770285
1200770286
1200770287
1200770288
1200770289
1200770290
1200770291
1200770292
1200770293
1200770294
1200770295
1200770296
1200770297
1200770298
1200770299
1200770300
1200770301
1200770302
1200770303
1200770304
1200770305
1200770306
1200770307
1200770308
1200770309
1200770310
1200770311
1200770312
1200770313
1200770314
1200770315
1200770316
1200770317
1200770318
1200770319
1200770320
1200770321
1200770322
1200770323
1200770324
1200770325
1200770326
1200770327
1200770328
1200770329
1200770330
1200770331
1200770332
1200770333
1200770334
1200770335
1200770336
1200770337
1200770338
1200770339
1200770340
1200770341
1200770342
1200770343
1200770344
1200770345
1200770346
1200770347
1200770348
1200770349
1200770350
1200770351
1200770352
1200770353
1200770354
1200770355
1200770356
1200770357
1200770358
1200770359
1200770360
1200770361
1200770362
1200770363
1200770364
1200770365
1200770366
1200770367
1200770368
1200770369
1200770370
1200770371
1200770372
1200780001
1200780002
1200780003
1200780004
1200780005
1200780006
1200780007
1200780008
1200780009
1200780010
1200780011
1200780012
1200780013
1200780014
1200780015
1200780016
1200780017
1200780018
1200780019
1200780020
1200780021
1200780022
1200780023
1200780024
1200780025
1200780026
1200780027
1200780028
1200780029
1200780030
1200780031
1200780032
1200780033
1200780034
1200780035
1200780036
1200780037
1200780038
1200780039
1200780040
1200780041
1200780042
1200780043
1200780044
1200780045
1200780046
1200780047
1200780048
1200780049
1200780050
1200780051
1200780052
1200780053
1200780054
1200780055
1200780056
1200780057
1200780058
1200780059
1200780060
1200780061
1200780062
1200780063
1200780064
1200780065
1200780066
1200780067
1200780068
1200780069
1200780070
1200780071
1200780072
1200780073
1200780074
1200780075
1200780076
1200780077
1200780078
1200780079
1200780080
1200780081
1200780082
1200780083
1200780084
1200780085
1200780086
1200780087
1200780088
1200780089
1200780090
1200780091
1200780092
1200780093
1200780094
1200780095
1200780096
1200780097
1200780098
1200780099
1200780100
1200780101
1200780102
1200780103
1200780104
1200780105
1200780106
1200780107
1200780108
1200780109
1200780110
1200780111
1200780112
1200780113
1200780114
1200780115
1200780116
1200780117
1200780118
1200780119
1200780120
1200780121
1200780122
1200780123
1200780124
1200780125
1200780126
1200780127
1200780128
1200780129
1200780130
1200780131
1200780132
1200780133
1200780134
1200780135
1200780136
1200780137
1200780138
1200780139
1200780140
1200780141
1200780142
1200780143
1200780144
1200780145
1200780146
1200780147
1200780148
1200780149
1200780150
1200780151
1200780152
1200780153
1200780154
1200780155
1200780156
1200780157
1200780158
1200780159
1200780160
1200780161
1200780162
1200780163
1200780164
1200780165
1200780166
1200780167
1200780168
1200780169
1200780170
1200780171
1200780172
1200780173
1200780174
1200780175
1200780176
1200780177
1200780178
1200780179
1200780180
1200780181
1200780182
1200780183
1200780184
1200780185
1200780186
1200780187
1200780188
1200780189
1200780190
1200780191
1200780192
1200780193
1200780194
1200780195
1200780196
1200780197
1200780198
1200780199
1200780200
1200780201
1200780202
1200780203
1200780204
1200780205
1200780206
1200780207
1200780208
1200780209
1200780210
1200780211
1200780212
1200780213
1200780214
1200780215
1200780216
1200780217
1200780218
1200780219
1200780220
1200780221
1200780222
1200780223
1200780224
1200780225
1200780226
1200780227
1200780228
1200780229
1200780230
1200780231
1200780232
1200780233
1200780234
1200780235
1200780236
1200780237
1200780238
1200780239
1200780240
1200780241
1200780242
1200780243
1200780244
1200780245
1200780246
1200780247
1200780248
1200780249
1200780250
1200780251
1200780252
1200780253
1200780254
1200780255
1200780256
1200780257
1200780258
1200780259
1200780260
1200780261
1200780262
1200780263
1200780264
1200780265
1200780266
1200780267
1200780268
1200780269
1200780270
1200780271
1200780272
1200780273
1200780274
1200780275
1200780276
1200780277
1200780278
1200780279
1200780280
1200780281
1200780282
1200780283
1200780284
1200780285
1200780286
1200780287
1200780288
1200780289
1200780290
1200780291
1200780292
1200780293
1200780294
1200780295
1200780296
1200780297
1200780298
1200780299
1200780300
1200780301
1200780302
1200780303
1200780304
1200780305
1200780306
1200780307
1200780308
1200780309
1200780310
1200780311
1200780312
1200780313
1200780314
1200780315
1200780316
1200780317
1200780318
1200780319
1200780320
1200780321
1200780322
1200780323
1200780324
1200780325
1200780326
1200780327
1200780328
1200780329
1200780330
1200780331
1200780332
1200780333
1200780334
1200780335
1200780336
1200780337
1200780338
1200780339
1200780340
1200780341
1200780342
1200780343
1200780344
1200780345
1200780346
1200780347
1200780348
1200780349
1200780350
1200780351
1200780352
1200780353
1200780354
1200780355
1200780356
1200780357
1200780358
1200780359
1200780360
1200780361
1200780362
1200780363
1200780364
1200780365
1200780366
1200780367
1200780368
1200780369
1200780370
1200780371
1200780372
1200780373
1200780374
1200780375
1200780376
1200780377
1200780378
1200780379
1200780380
1200780381
1200780382
1200780383
1200780384
1200780385
1200780386
1200780387
1200780388
1200780389
1200780390
1200780391
1200780392
1200780393
1200780394
1200780395
1200780396
1200780397
1200780398
1200780399
1200780400
1200780401
1200780402
1200780403
1200780404
1200780405
1200780406
1200780407
1200780408
1200780409
1200780410
1200780411
1200780412
1200780413
1200780414
1200780415
1200780416
1200780417
1200780418
1200780419
1200780420
1200780421
1200780422
1200780423
1200780424
1200780425
1200780426
1200780427
1200780428
1200780429
1200780430
1200780431
1200780432
1200780433
1200780434
1200780435
1200780436
1200780437
1200780438
1200780439
1200780440
1200780441
1200780442
1200780443
1200780444
1200780445
1200780446
1200780447
1200780448
1200780449
1200780450
1200780451
1200780452
1200780453
1200780454
1200780455
1200780456
1200780457
1200780458
1200780459
1200780460
1200790001
1200790002
1200800001
1200800002
1200800003
1200800004
1200800005
1200800006
1200800007
1200800008
1200800009
1200800010
1200800011
1200800012
1200800013
1200800014
1200800015
1200800016
1200800017
1200800018
1200800019
1200800020
1200800021
1200800022
1200800023
1200800024
1200800025
1200800026
1200800027
1200800028
1200800029
1200800030
1200800031
1200800032
1200800033
1200800034
1200800035
1200800036
1200800037
1200800038
1200800039
1200800040
1200800041
1200800042
1200800043
1200800044
1200800045
1200800046
1200800047
1200800048
1200800049
1200800050
1200800051
1200800052
1200800053
1200800054
1200800055
1200800056
1200800057
1200800058
1200800059
1200800060
1200800061
1200800062
1200800063
1200800064
1200800065
1200800066
1200800067
1200800068
1200800069
1200800070
1200800071
1200800072
1200800073
1200800074
1200800075
1200800076
1200800077
1200800078
1200800079
1200800080
1200800081
1200800082
1200800083
1200800084
1200800085
1200800086
1200800087
1200800088
1200800089
1200800090
1200800091
1200800092
1200800093
1200800094
1200800095
1200800096
1200800097
1200800098
1200800099
1200800100
1200800101
1200800102
1200800103
1200800104
1200800105
1200800106
1200800107
1200800108
1200800109
1200800110
1200800111
1200800112
1200800113
1200800114
1200800115
1200800116
1200800117
1200800118
1200800119
1200800120
1200800121
1200800122
1200800123
1200800124
1200800125
1200800126
1200800127
1200800128
1200800129
1200800130
1200800131
1200800132
1200800133
1200800134
1200800135
1200800136
1200800137
1200800138
1200800139
1200800140
1200800141
1200800142
1200800143
1200800144
1200800145
1200800146
1200800147
1200800148
1200800149
1200800150
1200800151
1200800152
1200800153
1200800154
1200800155
1200800156
1200800157
1200800158
1200800159
1200800160
1200800161
1200800162
1200800163
1200800164
1200800165
1200800166
1200800167
1200800168
1200800169
1200800170
1200800171
1200800172
1200800173
1200800174
1200800175
1200800176
1200800177
1200800178
1200800179
1200800180
1200800181
1200800182
1200800183
1200800184
1200800185
1200800186
1200800187
1200800188
1200800189
1200800190
1200800191
1200800192
1200800193
1200800194
1200800195
1200800196
1200800197
1200800198
1200800199
1200800200
1200800201
1200800202
1200800203
1200800204
1200800205
1200800206
1200800207
1200800208
1200800209
1200800210
1200800211
1200800212
1200800213
1200800214
1200800215
1200800216
1200800217
1200800218
1200800219
1200800220
1200800221
1200800222
1200800223
1200800224
1200800225
1200800226
1200800227
1200800228
1200800229
1200800230
1200800231
1200800232
1200800233
1200800234
1200800235
1200800236
1200800237
1200800238
1200800239
1200800240
1200800241
1200800242
1200800243
1200800244
1200800245
1200800246
1200800247
1200800248
1200800249
1200800250
1200800251
1200800252
1200800253
1200800254
1200800255
1200800256
1200800257
1200800258
1200800259
1200800260
1200800261
1200800262
1200800263
1200800264
1200800265
1200800266
1200800267
1200800268
1200800269
1200800270
1200800271
1200800272
1200800273
1200800274
1200800275
1200800276
1200800277
1200800278
1200800279
1200800280
1200800281
1200800282
1200800283
1200800284
1200800285
1200800286
1200800287
1200800288
1200800289
1200800290
1200800291
1200800292
1200800293
1200800294
1200800295
1200800296
1200800297
1200800298
1200800299
1200800300
1200800301
1200800302
1200800303
1200800304
1200800305
1200800306
1200800307
1200800308
1200800309
1200800310
1200800311
1200800312
1200800313
1200800314
1200800315
1200800316
1200800317
1200800318
1200800319
1200800320
1200800321
1200800322
1200800323
1200800324
1200800325
1200800326
1200800327
1200800328
1200800329
1200800330
1200800331
1200800332
1200800333
1200800334
1200800335
1200800336
1200800337
1200800338
1200800339
1200800340
1200810001
1200810002
1200810003
1200810004
1200810005
1200810006
1200810007
1200810008
1200810009
1200810010
1200810011
1200810012
1200810013
1200810014
1200810015
1200810016
1200810017
1200810018
1200810019
1200810020
1200810021
1200810022
1200810023
1200810024
1200810025
1200810026
1200810027
1200810028
1200810029
1200810030
1200810031
1200810032
1200810033
1200810034
1200810035
1200810036
1200810037
1200810038
1200810039
1200810040
1200810041
1200810042
1200810043
1200810044
1200810045
1200810046
1200810047
1200810048
1200810049
1200810050
1200810051
1200810052
1200810053
1200810054
1200810055
1200810056
1200810057
1200810058
1200810059
1200810060
1200810061
1200810062
1200810063
1200810064
1200810065
1200810066
1200810067
1200810068
1200810069
1200810070
1200810071
1200810072
1200810073
1200810074
1200810075
1200810076
1200810077
1200810078
1200810079
1200810080
1200810081
1200810082
1200810083
1200810084
1200810085
1200810086
1200810087
1200810088
1200810089
1200810090
1200810091
1200810092
1200810093
1200810094
1200810095
1200810096
1200810097
1200810098
1200810099
1200810100
1200810101
1200810102
1200810103
1200810104
1200810105
1200810106
1200810107
1200810108
1200810109
1200810110
1200810111
1200810112
1200810113
1200810114
1200810115
1200810116
1200810117
1200810118
1200810119
1200810120
1200810121
1200810122
1200810123
1200810124
1200810125
1200810126
1200810127
1200810128
1200810129
1200810130
1200810131
1200810132
1200810133
1200810134
1200810135
1200810136
1200810137
1200810138
1200810139
1200810140
1200810141
1200810142
1200810143
1200810144
1200810145
1200810146
1200810147
1200810148
1200810149
1200810150
1200810151
1200810152
1200810153
1200810154
1200810155
1200810156
1200810157
1200810158
1200810159
1200810160
1200810161
1200810162
1200810163
1200810164
1200810165
1200810166
1200810167
1200810168
1200810169
1200810170
1200810171
1200810172
1200810173
1200810174
1200810175
1200810176
1200810177
1200810178
1200810179
1200810180
1200810181
1200810182
1200810183
1200810184
1200810185
1200810186
1200810187
1200810188
1200810189
1200810190
1200810191
1200810192
1200810193
1200810194
1200810195
1200810196
1200810197
1200810198
1200810199
1200810200
1200810201
1200810202
1200810203
1200810204
1200810205
1200810206
1200810207
1200810208
1200810209
1200810210
1200810211
1200810212
1200810213
1200810214
1200810215
1200810216
1200810217
1200810218
1200810219
1200810220
1200810221
1200810222
1200810223
1200810224
1200810225
1200810226
1200810227
1200810228
1200810229
1200810230
1200810231
1200810232
1200810233
1200810234
1200810235
1200810236
1200810237
1200810238
1200810239
1200810240
1200810241
1200810242
1200810243
1200810244
1200810245
1200810246
1200810247
1200810248
1200810249
1200810250
1200810251
1200810252
1200810253
1200810254
1200810255
1200810256
1200810257
1200810258
1200810259
1200810260
1200810261
1200810262
1200810263
1200810264
1200810265
1200810266
1200810267
1200810268
1200810269
1200810270
1200810271
1200810272
1200810273
1200810274
1200810275
1200810276
1200810277
1200810278
1200810279
1200810280
1200810281
1200810282
1200810283
1200810284
1200810285
1200810286
1200810287
1200810288
1200810289
1200810290
1200810291
1200810292
1200810293
1200810294
1200810295
1200810296
1200810297
1200810298
1200810299
1200810300
1200810301
1200810302
1200810303
1200810304
1200810305
1200810306
1200810307
1200810308
1200810309
1200810310
1200810311
1200810312
1200810313
1200810314
1200810315
1200810316
1200810317
1200810318
1200810319
1200810320
1200810321
1200810322
1200810323
1200810324
1200810325
1200810326
1200810327
1200810328
1200810329
1200810330
1200810331
1200810332
1200810333
1200810334
1200810335
1200810336
1200810337
1200810338
1200810339
1200810340
1200810341
1200810342
1200810343
1200810344
1200810345
1200810346
1200810347
1200810348
1200810349
1200810350
1200810351
1200810352
1200810353
1200810354
1200810355
1200810356
1200810357
1200810358
1200810359
1200810360
1200810361
1200810362
1200810363
1200810364
1200810365
1200810366
1200810367
1200810368
1200810369
1200810370
1200810371
1200810372
1200810373
1200810374
1200810375
1200810376
1200810377
1200810378
1200810379
1200810380
1200810381
1200810382
1200810383
1200810384
1200810385
1200810386
1200810387
1200820001
1200820002
1200820003
1200820004
1200820005
1200820006
1200820007
1200820008
1200820009
1200820010
1200820011
1200820012
1200820013
1200820014
1200820015
1200820016
1200820017
1200820018
1200820019
1200820020
1200820021
1200820022
1200820023
1200820024
1200820025
1200820026
1200820027
1200820028
1200820029
1200820030
1200820031
1200820032
1200820033
1200820034
1200820035
1200820036
1200820037
1200820038
1200820039
1200820040
1200820041
1200820042
1200820043
1200820044
1200820045
1200820046
1200820047
1200820048
1200820049
1200820050
1200820051
1200820052
1200820053
1200820054
1200820055
1200820056
1200820057
1200820058
1200820059
1200820060
1200820061
1200820062
1200820063
1200820064
1200820065
1200820066
1200820067
1200820068
1200820069
1200820070
1200820071
1200820072
1200820073
1200820074
1200820075
1200820076
1200820077
1200820078
1200820079
1200820080
1200820081
1200820082
1200820083
1200820084
1200820085
1200820086
1200820087
1200820088
1200820089
1200820090
1200820091
1200820092
1200820093
1200820094
1200820095
1200820096
1200820097
1200820098
1200820099
1200820100
1200820101
1200820102
1200820103
1200820104
1200820105
1200820106
1200820107
1200820108
1200820109
1200820110
1200820111
1200820112
1200820113
1200820114
1200820115
1200820116
1200820117
1200820118
1200820119
1200820120
1200820121
1200820122
1200820123
1200820124
1200820125
1200820126
1200820127
1200820128
1200820129
1200820130
1200820131
1200820132
1200820133
1200820134
1200820135
1200820136
1200820137
1200820138
1200820139
1200820140
1200820141
1200820142
1200820143
1200820144
1200820145
1200820146
1200820147
1200820148
1200820149
1200820150
1200820151
1200820152
1200820153
1200820154
1200820155
1200820156
1200820157
1200820158
1200820159
1200820160
1200820161
1200820162
1200820163
1200820164
1200820165
1200820166
1200820167
1200820168
1200820169
1200820170
1200820171
1200820172
1200820173
1200820174
1200820175
1200820176
1200820177
1200820178
1200820179
1200820180
1200820181
1200820182
1200820183
1200820184
1200820185
1200820186
1200820187
1200820188
1200820189
1200820190
1200820191
1200820192
1200820193
1200820194
1200820195
1200820196
1200820197
1200820198
1200820199
1200820200
1200820201
1200820202
1200820203
1200820204
1200820205
1200820206
1200820207
1200820208
1200820209
1200820210
1200820211
1200820212
1200820213
1200820214
1200820215
1200820216
1200820217
1200820218
1200820219
1200820220
1200820221
1200820222
1200820223
1200820224
1200820225
1200820226
1200820227
1200820228
1200820229
1200820230
1200820231
1200820232
1200820233
1200820234
1200820235
1200820236
1200820237
1200820238
1200820239
1200820240
1200820241
1200820242
1200820243
1200820244
1200820245
1200820246
1200820247
1200820248
1200820249
1200820250
1200820251
1200820252
1200820253
1200820254
1200820255
1200820256
1200820257
1200820258
1200820259
1200820260
1200820261
1200820262
1200820263
1200820264
1200820265
1200820266
1200820267
1200820268
1200820269
1200820270
1200820271
1200820272
1200820273
1200820274
1200820275
1200820276
1200820277
1200820278
1200820279
1200820280
1200820281
1200820282
1200820283
1200820284
1200820285
1200820286
1200820287
1200820288
1200820289
1200820290
1200820291
1200820292
1200820293
1200820294
1200820295
1200820296
1200820297
1200820298
1200820299
1200820300
1200820301
1200820302
1200820303
1200820304
1200820305
1200820306
1200820307
1200820308
1200820309
1200820310
1200820311
1200820312
1200820313
1200820314
1200820315
1200820316
1200820317
1200820318
1200820319
1200820320
1200820321
1200820322
1200820323
1200820324
1200820325
1200820326
1200820327
1200820328
1200820329
1200820330
1200820331
1200820332
1200820333
1200820334
1200820335
1200820336
1200820337
1200820338
1200820339
1200820340
1200820341
1200820342
1200820343
1200820344
1200820345
1200820346
1200820347
1200820348
1200820349
1200820350
1200820351
1200820352
1200820353
1200820354
1200820355
1200820356
1200820357
1200820358
1200820359
1200820360
1200820361
1200820362
1200820363
1200820364
1200820365
1200820366
1200820367
1200820368
1200820369
1200820370
1200820371
1200820372
1200820373
1200820374
1200820375
1200820376
1200820377
1200820378
1200830001
1200830002
1200830003
1200830004
1200830005
1200830006
1200830007
1200830008
1200830009
1200830010
1200830011
1200830012
1200830013
1200830014
1200830015
1200830016
1200830017
1200830018
1200830019
1200830020
1200830021
1200830022
1200830023
1200830024
1200830025
1200830026
1200830027
1200830028
1200830029
1200830030
1200830031
1200830032
1200830033
1200830034
1200830035
1200830036
1200830037
1200830038
1200830039
1200830040
1200830041
1200830042
1200830043
1200830044
1200830045
1200830046
1200830047
1200830048
1200830049
1200830050
1200830051
1200830052
1200830053
1200830054
1200830055
1200830056
1200830057
1200830058
1200830059
1200830060
1200830061
1200830062
1200830063
1200830064
1200830065
1200830066
1200830067
1200830068
1200830069
1200830070
1200830071
1200830072
1200830073
1200830074
1200830075
1200830076
1200830077
1200830078
1200830079
1200830080
1200830081
1200830082
1200830083
1200830084
1200830085
1200830086
1200830087
1200830088
1200830089
1200830090
1200830091
1200830092
1200830093
1200830094
1200830095
1200830096
1200830097
1200830098
1200830099
1200830100
1200830101
1200830102
1200830103
1200830104
1200830105
1200830106
1200830107
1200830108
1200830109
1200830110
1200830111
1200830112
1200830113
1200830114
1200830115
1200830116
1200830117
1200830118
1200830119
1200830120
1200830121
1200830122
1200830123
1200830124
1200830125
1200830126
1200830127
1200830128
1200830129
1200830130
1200830131
1200830132
1200830133
1200830134
1200830135
1200830136
1200830137
1200830138
1200830139
1200830140
1200830141
1200830142
1200830143
1200830144
1200830145
1200830146
1200830147
1200830148
1200830149
1200830150
1200830151
1200830152
1200830153
1200830154
1200830155
1200830156
1200830157
1200830158
1200830159
1200830160
1200830161
1200830162
1200830163
1200830164
1200830165
1200830166
1200830167
1200830168
1200830169
1200830170
1200830171
1200830172
1200830173
1200830174
1200830175
1200830176
1200830177
1200830178
1200830179
1200830180
1200830181
1200830182
1200830183
1200830184
1200830185
1200830186
1200830187
1200830188
1200830189
1200830190
1200830191
1200830192
1200830193
1200830194
1200830195
1200830196
1200830197
1200830198
1200830199
1200830200
1200830201
1200830202
1200830203
1200830204
1200830205
1200830206
1200830207
1200830208
1200830209
1200830210
1200830211
1200830212
1200830213
1200830214
1200830215
1200830216
1200830217
1200830218
1200830219
1200830220
1200830221
1200830222
1200830223
1200830224
1200830225
1200830226
1200830227
1200830228
1200830229
1200830230
1200830231
1200830232
1200830233
1200830234
1200830235
1200830236
1200830237
1200830238
1200830239
1200830240
1200830241
1200830242
1200830243
1200830244
1200830245
1200830246
1200830247
1200830248
1200830249
1200830250
1200830251
1200830252
1200830253
1200830254
1200830255
1200830256
1200830257
1200830258
1200830259
1200830260
1200830261
1200830262
1200830263
1200830264
1200830265
1200830266
1200830267
1200830268
1200830269
1200830270
1200830271
1200830272
1200830273
1200830274
1200830275
1200830276
1200830277
1200830278
1200830279
1200830280
1200830281
1200830282
1200830283
1200830284
1200830285
1200830286
1200830287
1200830288
1200830289
1200830290
1200830291
1200830292
1200830293
1200830294
1200830295
1200830296
1200830297
1200830298
1200830299
1200830300
1200830301
1200830302
1200830303
1200830304
1200830305
1200830306
1200830307
1200830308
1200830309
1200830310
1200830311
1200830312
1200830313
1200830314
1200830315
1200830316
1200830317
1200830318
1200830319
1200830320
1200830321
1200830322
1200830323
1200830324
1200830325
1200830326
1200830327
1200830328
1200830329
1200830330
1200830331
1200830332
1200830333
1200830334
1200830335
1200830336
1200830337
1200830338
1200830339
1200830340
1200830341
1200830342
1200830343
1200830344
1200830345
1200830346
1200830347
1200830348
1200830349
1200830350
1200840001
1200840002
1200840003
1200840004
1200840005
1200840006
1200840007
1200840008
1200840009
1200840010
1200840011
1200840012
1200840013
1200840014
1200840015
1200840016
1200840017
1200840018
1200840019
1200840020
1200840021
1200840022
1200840023
1200840024
1200840025
1200840026
1200840027
1200840028
1200840029
1200840030
1200840031
1200840032
1200840033
1200840034
1200840035
1200840036
1200840037
1200840038
1200840039
1200840040
1200840041
1200840042
1200840043
1200840044
1200840045
1200840046
1200840047
1200840048
1200840049
1200840050
1200840051
1200840052
1200840053
1200840054
1200840055
1200840056
1200840057
1200840058
1200840059
1200840060
1200840061
1200840062
1200840063
1200840064
1200840065
1200840066
1200840067
1200840068
1200840069
1200840070
1200840071
1200840072
1200840073
1200840074
1200840075
1200840076
1200840077
1200840078
1200840079
1200840080
1200840081
1200840082
1200840083
1200840084
1200840085
1200840086
1200840087
1200840088
1200840089
1200840090
1200840091
1200840092
1200840093
1200840094
1200840095
1200840096
1200840097
1200840098
1200840099
1200840100
1200840101
1200840102
1200840103
1200840104
1200840105
1200840106
1200840107
1200840108
1200840109
1200840110
1200840111
1200840112
1200840113
1200840114
1200840115
1200840116
1200840117
1200840118
1200840119
1200840120
1200840121
1200840122
1200840123
1200840124
1200840125
1200840126
1200840127
1200840128
1200840129
1200840130
1200840131
1200840132
1200840133
1200840134
1200840135
1200840136
1200840137
1200840138
1200840139
1200840140
1200840141
1200840142
1200840143
1200840144
1200840145
1200840146
1200840147
1200840148
1200840149
1200840150
1200840151
1200840152
1200840153
1200840154
1200840155
1200840156
1200840157
1200840158
1200840159
1200840160
1200840161
1200840162
1200840163
1200840164
1200840165
1200840166
1200840167
1200840168
1200840169
1200840170
1200840171
1200840172
1200840173
1200840174
1200840175
1200840176
1200840177
1200840178
1200840179
1200840180
1200840181
1200840182
1200840183
1200840184
1200840185
1200840186
1200840187
1200840188
1200840189
1200840190
1200840191
1200840192
1200840193
1200840194
1200840195
1200840196
1200840197
1200840198
1200840199
1200840200
1200840201
1200840202
1200840203
1200840204
1200840205
1200840206
1200840207
1200840208
1200840209
1200840210
1200840211
1200840212
1200840213
1200840214
1200840215
1200840216
1200840217
1200840218
1200840219
1200840220
1200840221
1200840222
1200840223
1200840224
1200840225
1200840226
1200840227
1200840228
1200840229
1200840230
1200840231
1200840232
1200840233
1200840234
1200840235
1200840236
1200840237
1200840238
1200840239
1200840240
1200840241
1200840242
1200840243
1200840244
1200840245
1200840246
1200840247
1200840248
1200840249
1200840250
1200840251
1200840252
1200840253
1200840254
1200840255
1200840256
1200840257
1200840258
1200840259
1200840260
1200840261
1200840262
1200840263
1200840264
1200840265
1200840266
1200840267
1200840268
1200840269
1200840270
1200840271
1200840272
1200840273
1200840274
1200840275
1200840276
1200840277
1200840278
1200840279
1200840280
1200840281
1200840282
1200840283
1200840284
1200840285
1200840286
1200840287
1200840288
1200840289
1200840290
1200840291
1200840292
1200840293
1200840294
1200840295
1200840296
1200840297
1200840298
1200840299
1200840300
1200840301
1200840302
1200840303
1200840304
1200840305
1200840306
1200840307
1200840308
1200840309
1200840310
1200840311
1200840312
1200840313
1200840314
1200840315
1200840316
1200840317
1200840318
1200840319
1200840320
1200840321
1200840322
1200840323
1200840324
1200840325
1200840326
1200840327
1200840328
1200840329
1200840330
1200840331
1200840332
1200840333
1200840334
1200840335
1200840336
1200840337
1200840338
1200840339
1200840340
1200840341
1200840342
1200840343
1200840344
1200840345
1200840346
1200840347
1200840348
1200840349
1200840350
1200840351
1200840352
1200840353
1200840354
1200840355
1200840356
1200840357
1200840358
1200840359
1200840360
1200840361
1200840362
1200840363
1200840364
1200840365
1200840366
1200840367
1200840368
1200840369
1200840370
1200840371
1200840372
1200840373
1200840374
1200840375
1200840376
1200840377
1200840378
1200840379
1200840380
1200840381
1200840382
1200840383
1200840384
1200840385
1200840386
1200840387
1200840388
1200840389
1200840390
1200840391
1200840392
1200840393
1200840394
1200840395
1200840396
1200840397
1200840398
1200840399
1200840400
1200840401
1200840402
1200840403
1200840404
1200840405
1200840406
1200840407
1200840408
1200840409
1200840410
1200840411
1200840412
1200840413
1200840414
1200840415
1200840416
1200840417
1200840418
1200850001
1200850002
1200850003
1200850004
1200850005
1200850006
1200850007
1200850008
1200850009
1200850010
1200850011
1200850012
1200850013
1200850014
1200850015
1200850016
1200850017
1200850018
1200850019
1200850020
1200850021
1200850022
1200850023
1200850024
1200850025
1200850026
1200850027
1200850028
1200850029
1200850030
1200850031
1200850032
1200850033
1200850034
1200850035
1200850036
1200850037
1200850038
1200850039
1200850040
1200850041
1200850042
1200850043
1200850044
1200850045
1200850046
1200850047
1200850048
1200850049
1200850050
1200850051
1200850052
1200850053
1200850054
1200850055
1200850056
1200850057
1200850058
1200850059
1200850060
1200850061
1200850062
1200850063
1200850064
1200850065
1200850066
1200850067
1200850068
1200850069
1200850070
1200850071
1200850072
1200850073
1200850074
1200850075
1200850076
1200850077
1200850078
1200850079
1200850080
1200850081
1200850082
1200850083
1200850084
1200850085
1200850086
1200850087
1200850088
1200850089
1200850090
1200850091
1200850092
1200850093
1200850094
1200850095
1200850096
1200850097
1200850098
1200850099
1200850100
1200850101
1200850102
1200850103
1200850104
1200850105
1200850106
1200850107
1200850108
1200850109
1200850110
1200850111
1200850112
1200850113
1200850114
1200850115
1200850116
1200850117
1200850118
1200850119
1200850120
1200850121
1200850122
1200850123
1200850124
1200850125
1200850126
1200850127
1200850128
1200850129
1200850130
1200850131
1200850132
1200850133
1200850134
1200850135
1200850136
1200850137
1200850138
1200850139
1200850140
1200850141
1200850142
1200850143
1200850144
1200850145
1200850146
1200850147
1200850148
1200850149
1200850150
1200850151
1200850152
1200850153
1200850154
1200850155
1200850156
1200850157
1200850158
1200850159
1200850160
1200850161
1200850162
1200850163
1200850164
1200850165
1200850166
1200850167
1200850168
1200850169
1200850170
1200850171
1200850172
1200850173
1200850174
1200850175
1200850176
1200850177
1200850178
1200850179
1200850180
1200850181
1200850182
1200850183
1200850184
1200850185
1200850186
1200850187
1200850188
1200850189
1200850190
1200850191
1200850192
1200850193
1200850194
1200850195
1200850196
1200850197
1200850198
1200850199
1200850200
1200850201
1200850202
1200850203
1200850204
1200850205
1200850206
1200850207
1200850208
1200850209
1200850210
1200850211
1200850212
1200850213
1200850214
1200850215
1200850216
1200850217
1200850218
1200850219
1200850220
1200850221
1200850222
1200850223
1200850224
1200850225
1200850226
1200850227
1200850228
1200850229
1200850230
1200850231
1200850232
1200850233
1200850234
1200850235
1200850236
1200850237
1200850238
1200850239
1200850240
1200850241
1200850242
1200850243
1200850244
1200850245
1200850246
1200850247
1200850248
1200850249
1200850250
1200850251
1200850252
1200850253
1200850254
1200850255
1200850256
1200850257
1200850258
1200850259
1200850260
1200850261
1200850262
1200850263
1200850264
1200850265
1200850266
1200850267
1200850268
1200850269
1200850270
1200850271
1200850272
1200850273
1200850274
1200850275
1200850276
1200850277
1200850278
1200850279
1200850280
1200850281
1200850282
1200850283
1200850284
1200850285
1200850286
1200850287
1200850288
1200850289
1200850290
1200850291
1200850292
1200850293
1200850294
1200850295
1200850296
1200850297
1200850298
1200850299
1200850300
1200850301
1200850302
1200850303
1200850304
1200850305
1200850306
1200850307
1200850308
1200850309
1200850310
1200850311
1200850312
1200850313
1200850314
1200850315
1200850316
1200850317
1200850318
1200850319
1200850320
1200850321
1200850322
1200850323
1200850324
1200850325
1200850326
1200850327
1200850328
1200850329
1200850330
1200850331
1200850332
1200850333
1200850334
1200850335
1200850336
1200850337
1200850338
1200850339
1200850340
1200850341
1200850342
1200850343
1200850344
1200850345
1200850346
1200850347
1200850348
1200850349
1200850350
1200850351
1200850352
1200850353
1200850354
1200850355
1200850356
1200850357
1200850358
1200850359
1200850360
1200850361
1200850362
1200850363
1200850364
1200850365
1200850366
1200850367
1200850368
1200850369
1200850370
1200850371
1200850372
1200850373
1200850374
1200850375
1200850376
1200850377
1200850378
1200850379
1200850380
1200850381
1200850382
1200850383
1200850384
1200850385
1200850386
1200850387
1200850388
1200850389
1200850390
1200850391
1200850392
1200850393
1200850394
1200850395
1200850396
1200850397
1200850398
1200850399
1200850400
1200850401
1200850402
1200850403
1200850404
1200850405
1200850406
1200850407
1200850408
1200850409
1200850410
1200850411
1200850412
1200850413
1200850414
1200850415
1200850416
1200850417
1200850418
1200850419
1200850420
1200850421
1200850422
1200850423
1200850424
1200850425
1200850426
1200850427
1200850428
1200850429
1200850430
1200860001
1200860002
1200860003
1200860004
1200860005
1200860006
1200860007
1200860008
1200860009
1200860010
1200860011
1200860012
1200860013
1200860014
1200860015
1200860016
1200860017
1200860018
1200860019
1200860020
1200860021
1200860022
1200860023
1200860024
1200860025
1200860026
1200860027
1200860028
1200860029
1200860030
1200860031
1200860032
1200860033
1200860034
1200860035
1200860036
1200860037
1200860038
1200860039
1200860040
1200860041
1200860042
1200860043
1200860044
1200860045
1200860046
1200860047
1200860048
1200860049
1200860050
1200860051
1200860052
1200860053
1200860054
1200860055
1200860056
1200860057
1200860058
1200860059
1200860060
1200860061
1200860062
1200860063
1200860064
1200860065
1200860066
1200860067
1200860068
1200860069
1200860070
1200860071
1200860072
1200860073
1200860074
1200860075
1200860076
1200860077
1200860078
1200860079
1200860080
1200860081
1200860082
1200860083
1200860084
1200860085
1200860086
1200860087
1200860088
1200860089
1200860090
1200860091
1200860092
1200860093
1200860094
1200860095
1200860096
1200860097
1200860098
1200860099
1200860100
1200860101
1200860102
1200860103
1200860104
1200860105
1200860106
1200860107
1200860108
1200860109
1200860110
1200860111
1200860112
1200860113
1200860114
1200860115
1200860116
1200860117
1200860118
1200860119
1200860120
1200860121
1200860122
1200860123
1200860124
1200860125
1200860126
1200860127
1200860128
1200860129
1200860130
1200860131
1200860132
1200860133
1200860134
1200860135
1200860136
1200860137
1200860138
1200860139
1200860140
1200860141
1200860142
1200860143
1200860144
1200860145
1200860146
1200860147
1200860148
1200860149
1200860150
1200860151
1200860152
1200860153
1200860154
1200860155
1200860156
1200860157
1200860158
1200860159
1200860160
1200860161
1200860162
1200860163
1200860164
1200860165
1200860166
1200860167
1200860168
1200860169
1200860170
1200860171
1200860172
1200860173
1200860174
1200860175
1200860176
1200860177
1200860178
1200860179
1200860180
1200860181
1200860182
1200860183
1200860184
1200860185
1200860186
1200860187
1200860188
1200860189
1200860190
1200860191
1200860192
1200860193
1200860194
1200860195
1200860196
1200860197
1200860198
1200860199
1200860200
1200860201
1200860202
1200860203
1200860204
1200860205
1200860206
1200860207
1200860208
1200860209
1200860210
1200860211
1200860212
1200860213
1200860214
1200860215
1200860216
1200860217
1200860218
1200860219
1200860220
1200860221
1200860222
1200860223
1200860224
1200860225
1200860226
1200860227
1200860228
1200860229
1200860230
1200860231
1200860232
1200860233
1200860234
1200860235
1200860236
1200860237
1200860238
1200860239
1200860240
1200860241
1200860242
1200860243
1200860244
1200860245
1200860246
1200860247
1200860248
1200860249
1200860250
1200860251
1200860252
1200860253
1200860254
1200860255
1200860256
1200860257
1200860258
1200860259
1200860260
1200860261
1200860262
1200860263
1200860264
1200860265
1200860266
1200860267
1200860268
1200860269
1200860270
1200860271
1200860272
1200860273
1200860274
1200860275
1200860276
1200860277
1200860278
1200860279
1200860280
1200860281
1200860282
1200860283
1200860284
1200860285
1200860286
1200860287
1200860288
1200860289
1200860290
1200860291
1200860292
1200860293
1200860294
1200860295
1200860296
1200860297
1200860298
1200860299
1200860300
1200860301
1200860302
1200860303
1200860304
1200860305
1200860306
1200860307
1200860308
1200860309
1200860310
1200860311
1200860312
1200860313
1200860314
1200860315
1200860316
1200860317
1200860318
1200860319
1200860320
1200860321
1200860322
1200860323
1200860324
1200860325
1200860326
1200860327
1200860328
1200860329
1200860330
1200860331
1200860332
1200860333
1200860334
1200860335
1200860336
1200860337
1200860338
1200860339
1200860340
1200860341
1200860342
1200860343
1200860344
1200860345
1200860346
1200860347
1200860348
1200860349
1200860350
1200860351
1200860352
1200860353
1200860354
1200860355
1200860356
1200860357
1200860358
1200860359
1200860360
1200860361
1200860362
1200860363
1200860364
1200860365
1200860366
1200860367
1200860368
1200860369
1200860370
1200860371
1200860372
1200860373
1200860374
1200860375
1200860376
1200860377
1200860378
1200860379
1200860380
1200860381
1200860382
1200860383
1200860384
1200860385
1200860386
1200860387
1200860388
1200860389
1200860390
1200860391
1200860392
1200860393
1200860394
1200860395
1200860396
1200860397
1200860398
1200860399
1200860400
1200860401
1200860402
1200860403
1200860404
1200860405
1200860406
1200860407
1200860408
1200860409
1200860410
1200860411
1200860412
1200860413
1200860414
1200860415
1200860416
1200860417
1200860418
1200860419
1200860420
1200860421
1200860422
1200860423
1200860424
1200860425
1200860426
1200860427
1200860428
1200860429
1200860430
1200860431
1200860432
1200860433
1200860434
1200860435
1200860436
1200860437
1200860438
1200860439
1200860440
1200860441
1200860442
1200860443
1200860444
1200860445
1200860446
1200860447
1200860448
1200860449
1200860450
1200860451
1200860452
1200860453
1200860454
1200860455
1200860456
1200860457
1200860458
1200860459
1200860460
1200860461
1200860462
1200860463
1200860464
1200860465
1200860466
1200860467
1200860468
1200860469
1200860470
1200860471
1200860472
1200860473
1200860474
1200860475
1200860476
1200860477
1200870001
1200870002
1200870003
1200870004
1200870005
1200870006
1200870007
1200870008
1200870009
1200870010
1200870011
1200870012
1200870013
1200870014
1200870015
1200870016
1200870017
1200870018
1200870019
1200870020
1200870021
1200870022
1200870023
1200870024
1200870025
1200870026
1200870027
1200870028
1200870029
1200870030
1200870031
1200870032
1200870033
1200870034
1200870035
1200870036
1200870037
1200870038
1200870039
1200870040
1200870041
1200870042
1200870043
1200870044
1200870045
1200870046
1200870047
1200870048
1200870049
1200870050
1200870051
1200870052
1200870053
1200870054
1200870055
1200870056
1200870057
1200870058
1200870059
1200870060
1200870061
1200870062
1200870063
1200870064
1200870065
1200870066
1200870067
1200870068
1200870069
1200870070
1200870071
1200870072
1200870073
1200870074
1200870075
1200870076
1200870077
1200870078
1200870079
1200870080
1200870081
1200870082
1200870083
1200870084
1200870085
1200870086
1200870087
1200870088
1200870089
1200870090
1200870091
1200870092
1200870093
1200870094
1200870095
1200870096
1200870097
1200870098
1200870099
1200870100
1200870101
1200870102
1200870103
1200870104
1200870105
1200870106
1200870107
1200870108
1200870109
1200870110
1200870111
1200870112
1200870113
1200870114
1200870115
1200870116
1200870117
1200870118
1200870119
1200870120
1200870121
1200870122
1200870123
1200870124
1200870125
1200870126
1200870127
1200870128
1200870129
1200870130
1200870131
1200870132
1200870133
1200870134
1200870135
1200870136
1200870137
1200870138
1200870139
1200870140
1200870141
1200870142
1200870143
1200870144
1200870145
1200870146
1200870147
1200870148
1200870149
1200870150
1200870151
1200870152
1200870153
1200870154
1200870155
1200870156
1200870157
1200870158
1200870159
1200870160
1200870161
1200870162
1200870163
1200870164
1200870165
1200870166
1200870167
1200870168
1200870169
1200870170
1200870171
1200870172
1200870173
1200870174
1200870175
1200870176
1200870177
1200870178
1200870179
1200870180
1200870181
1200870182
1200870183
1200870184
1200870185
1200870186
1200870187
1200870188
1200870189
1200870190
1200870191
1200870192
1200870193
1200870194
1200870195
1200870196
1200870197
1200870198
1200870199
1200870200
1200870201
1200870202
1200870203
1200870204
1200870205
1200870206
1200870207
1200870208
1200870209
1200870210
1200870211
1200870212
1200870213
1200870214
1200870215
1200870216
1200870217
1200870218
1200870219
1200870220
1200870221
1200870222
1200870223
1200870224
1200870225
1200870226
1200870227
1200870228
1200870229
1200870230
1200870231
1200870232
1200870233
1200870234
1200870235
1200870236
1200870237
1200870238
1200870239
1200870240
1200870241
1200870242
1200870243
1200870244
1200870245
1200870246
1200870247
1200870248
1200870249
1200870250
1200870251
1200870252
1200870253
1200870254
1200870255
1200870256
1200870257
1200870258
1200870259
1200870260
1200870261
1200870262
1200870263
1200870264
1200870265
1200870266
1200870267
1200870268
1200870269
1200870270
1200870271
1200870272
1200870273
1200870274
1200870275
1200870276
1200870277
1200870278
1200870279
1200870280
1200870281
1200870282
1200870283
1200870284
1200870285
1200870286
1200870287
1200870288
1200870289
1200870290
1200870291
1200870292
1200870293
1200870294
1200870295
1200870296
1200870297
1200870298
1200870299
1200870300
1200870301
1200870302
1200870303
1200870304
1200870305
1200870306
1200870307
1200870308
1200870309
1200870310
1200870311
1200870312
1200870313
1200870314
1200870315
1200870316
1200870317
1200870318
1200870319
1200870320
1200870321
1200870322
1200870323
1200870324
1200870325
1200870326
1200870327
1200870328
1200870329
1200870330
1200870331
1200870332
1200870333
1200870334
1200870335
1200870336
1200870337
1200870338
1200870339
1200870340
1200870341
1200870342
1200870343
1200870344
1200870345
1200870346
1200870347
1200870348
1200870349
1200870350
1200870351
1200870352
1200870353
1200870354
1200870355
1200870356
1200870357
1200870358
1200870359
1200870360
1200870361
1200870362
1200870363
1200870364
1200870365
1200870366
1200870367
1200870368
1200870369
1200870370
1200870371
1200870372
1200870373
1200870374
1200870375
1200870376
1200870377
1200870378
1200870379
1200870380
1200870381
1200870382
1200870383
1200870384
1200870385
1200870386
1200870387
1200870388
1200870389
1200870390
1200870391
1200870392
1200870393
1200870394
1200870395
1200870396
1200870397
1200870398
1200870399
1200870400
1200870401
1200870402
1200870403
1200870404
1200870405
1200870406
1200870407
1200870408
1200870409
1200870410
1200870411
1200870412
1200870413
1200870414
1200870415
1200870416
1200870417
1200870418
1200870419
1200870420
1200870421
1200870422
1200870423
1200870424
1200870425
1200870426
1200870427
1200870428
1200870429
1200870430
1200870431
1200870432
1200870433
1200870434
1200870435
1200870436
1200870437
1200870438
1200870439
1200870440
1200870441
1200870442
1200870443
1200870444
1200870445
1200870446
1200870447
1200870448
1200870449
1200870450
1200870451
1200870452
1200870453
1200870454
1200870455
1200870456
1200870457
1200870458
1200870459
1200870460
1200870461
1200870462
1200870463
1200870464
1200870465
1200870466
1200870467
1200870468
1200870469
1200870470
1200870471
1200870472
1200870473
1200870474
1200870475
1200870476
1200870477
1200880001
1200880002
1200880003
1200880004
1200880005
1200880006
1200880007
1200880008
1200880009
1200880010
1200880011
1200880012
1200880013
1200880014
1200880015
1200880016
1200880017
1200880018
1200880019
1200880020
1200880021
1200880022
1200880023
1200880024
1200880025
1200880026
1200880027
1200880028
1200880029
1200880030
1200880031
1200880032
1200880033
1200880034
1200880035
1200880036
1200880037
1200880038
1200880039
1200880040
1200880041
1200880042
1200880043
1200880044
1200880045
1200880046
1200880047
1200880048
1200880049
1200880050
1200880051
1200880052
1200880053
1200880054
1200880055
1200880056
1200880057
1200880058
1200880059
1200880060
1200880061
1200880062
1200880063
1200880064
1200880065
1200880066
1200880067
1200880068
1200880069
1200880070
1200880071
1200880072
1200880073
1200880074
1200880075
1200880076
1200880077
1200880078
1200880079
1200880080
1200880081
1200880082
1200880083
1200880084
1200880085
1200880086
1200880087
1200880088
1200880089
1200880090
1200880091
1200880092
1200880093
1200880094
1200880095
1200880096
1200880097
1200880098
1200880099
1200880100
1200880101
1200880102
1200880103
1200880104
1200880105
1200880106
1200880107
1200880108
1200880109
1200880110
1200880111
1200880112
1200880113
1200880114
1200880115
1200880116
1200880117
1200880118
1200880119
1200880120
1200880121
1200880122
1200880123
1200880124
1200880125
1200880126
1200880127
1200880128
1200880129
1200880130
1200880131
1200880132
1200880133
1200880134
1200880135
1200880136
1200880137
1200880138
1200880139
1200880140
1200880141
1200880142
1200880143
1200880144
1200880145
1200880146
1200880147
1200880148
1200880149
1200880150
1200880151
1200880152
1200880153
1200880154
1200880155
1200880156
1200880157
1200880158
1200880159
1200880160
1200880161
1200880162
1200880163
1200880164
1200880165
1200880166
1200880167
1200880168
1200880169
1200880170
1200880171
1200880172
1200880173
1200880174
1200880175
1200880176
1200880177
1200880178
1200880179
1200880180
1200880181
1200880182
1200880183
1200880184
1200880185
1200880186
1200880187
1200880188
1200880189
1200880190
1200880191
1200880192
1200880193
1200880194
1200880195
1200880196
1200880197
1200880198
1200880199
1200880200
1200880201
1200880202
1200880203
1200880204
1200880205
1200880206
1200880207
1200880208
1200880209
1200880210
1200880211
1200880212
1200880213
1200880214
1200880215
1200880216
1200880217
1200880218
1200880219
1200880220
1200880221
1200880222
1200880223
1200880224
1200880225
1200880226
1200880227
1200880228
1200880229
1200880230
1200880231
1200880232
1200880233
1200880234
1200880235
1200880236
1200880237
1200880238
1200880239
1200880240
1200880241
1200880242
1200880243
1200880244
1200880245
1200880246
1200880247
1200880248
1200880249
1200880250
1200880251
1200880252
1200880253
1200880254
1200880255
1200880256
1200880257
1200880258
1200880259
1200880260
1200880261
1200880262
1200880263
1200880264
1200880265
1200880266
1200880267
1200880268
1200880269
1200880270
1200880271
1200880272
1200880273
1200880274
1200880275
1200880276
1200880277
1200880278
1200880279
1200880280
1200880281
1200880282
1200880283
1200880284
1200880285
1200880286
1200880287
1200880288
1200880289
1200880290
1200880291
1200880292
1200880293
1200880294
1200880295
1200880296
1200880297
1200880298
1200880299
1200880300
1200880301
1200880302
1200880303
1200880304
1200880305
1200880306
1200880307
1200880308
1200880309
1200880310
1200880311
1200880312
1200880313
1200880314
1200880315
1200880316
1200880317
1200880318
1200880319
1200880320
1200880321
1200880322
1200880323
1200880324
1200880325
1200880326
1200880327
1200880328
1200880329
1200880330
1200880331
1200880332
1200880333
1200880334
1200880335
1200880336
1200880337
1200880338
1200880339
1200880340
1200880341
1200880342
1200880343
1200880344
1200880345
1200880346
1200880347
1200880348
1200880349
1200880350
1200880351
1200880352
1200880353
1200880354
1200880355
1200880356
1200880357
1200880358
1200880359
1200880360
1200880361
1200880362
1200880363
1200880364
1200880365
1200880366
1200880367
1200880368
1200880369
1200880370
1200880371
1200880372
1200880373
1200880374
1200880375
1200880376
1200880377
1200880378
1200880379
1200880380
1200880381
1200880382
1200880383
1200880384
1200880385
1200880386
1200880387
1200880388
1200880389
1200880390
1200880391
1200880392
1200880393
1200880394
1200880395
1200880396
1200880397
1200880398
1200880399
1200880400
1200880401
1200880402
1200880403
1200880404
1200880405
1200880406
1200880407
1200880408
1200880409
1200880410
1200880411
1200880412
1200880413
1200880414
1200880415
1200880416
1200880417
1200880418
1200880419
1200880420
1200880421
1200880422
1200880423
1200880424
1200880425
1200880426
1200880427
1200880428
1200880429
1200880430
1200880431
1200880432
1200880433
1200880434
1200880435
1200880436
1200880437
1200880438
1200880439
1200880440
1200880441
1200880442
1200880443
1200880444
1200880445
1200880446
1200880447
1200880448
1200880449
1200880450
1200880451
1200880452
1200880453
1200880454
1200880455
1200880456
1200880457
1200880458
1200880459
1200880460
1200880461
1200880462
1200880463
1200880464
1200880465
1200880466
1200880467
1200880468
1200880469
1200880470
1200880471
1200880472
1200880473
1200880474
1200880475
1200880476
1200880477
1200880478
1200880479
1200880480
1200880481
1200880482
1200880483
1200880484
1200880485
1200880486
1200880487
1200880488
1200880489
1200880490
1200880491
1200880492
1200880493
1200880494
1200880495
1200880496
1200880497
1200880498
1200880499
1200880500
1200880501
1200880502
1200880503
1200880504
1200880505
1200880506
1200880507
1200880508
1200880509
1200880510
1200880511
1200880512
1200880513
1200880514
1200880515
1200880516
1200880517
1200880518
1200880519
1200880520
1200880521
1200880522
1200880523
1200880524
1200880525
1200880526
1200880527
1200880528
1200880529
1200880530
1200880531
1200880532
1200880533
1200880534
1200880535
1200880536
1200880537
1200880538
1200880539
1200880540
1200880541
1200880542
1200880543
1200880544
1200880545
1200880546
1200880547
1200880548
1200880549
1200880550
1200880551
1200880552
1200880553
1200880554
1200880555
1200880556
1200880557
1200880558
1200880559
1200880560
1200880561
1200880562
1200880563
1200880564
1200880565
1200880566
1200880567
1200880568
1200880569
1200880570
1200880571
1200880572
1200880573
1200880574
1200880575
1200880576
1200880577
1200880578
1200880579
1200880580
1200880581
1200880582
1200880583
1200880584
1200890001
1200890002
1200890003
1200890004
1200890005
1200890006
1200890007
1200890008
1200890009
1200890010
1200890011
1200890012
1200890013
1200890014
1200890015
1200890016
1200890017
1200890018
1200890019
1200890020
1200890021
1200890022
1200890023
1200890024
1200890025
1200890026
1200890027
1200890028
1200890029
1200890030
1200890031
1200890032
1200890033
1200890034
1200890035
1200890036
1200890037
1200890038
1200890039
1200890040
1200890041
1200890042
1200890043
1200890044
1200890045
1200890046
1200890047
1200890048
1200890049
1200890050
1200890051
1200890052
1200890053
1200890054
1200890055
1200890056
1200890057
1200890058
1200890059
1200890060
1200890061
1200890062
1200890063
1200890064
1200890065
1200890066
1200890067
1200890068
1200890069
1200890070
1200890071
1200890072
1200890073
1200890074
1200890075
1200890076
1200890077
1200890078
1200890079
1200890080
1200890081
1200890082
1200890083
1200890084
1200890085
1200890086
1200890087
1200890088
1200890089
1200890090
1200890091
1200890092
1200890093
1200890094
1200890095
1200890096
1200890097
1200890098
1200890099
1200890100
1200890101
1200890102
1200890103
1200890104
1200890105
1200890106
1200890107
1200890108
1200890109
1200890110
1200890111
1200890112
1200890113
1200890114
1200890115
1200890116
1200890117
1200890118
1200890119
1200890120
1200890121
1200890122
1200890123
1200890124
1200890125
1200890126
1200890127
1200890128
1200890129
1200890130
1200890131
1200890132
1200890133
1200890134
1200890135
1200890136
1200890137
1200890138
1200890139
1200890140
1200890141
1200890142
1200890143
1200890144
1200890145
1200890146
1200890147
1200890148
1200890149
1200890150
1200890151
1200890152
1200890153
1200890154
1200890155
1200890156
1200890157
1200890158
1200890159
1200890160
1200890161
1200890162
1200890163
1200890164
1200890165
1200890166
1200890167
1200890168
1200890169
1200890170
1200890171
1200890172
1200890173
1200890174
1200890175
1200890176
1200890177
1200890178
1200890179
1200890180
1200890181
1200890182
1200890183
1200890184
1200890185
1200890186
1200890187
1200890188
1200890189
1200890190
1200890191
1200890192
1200890193
1200890194
1200890195
1200890196
1200890197
1200890198
1200890199
1200890200
1200890201
1200890202
1200890203
1200890204
1200890205
1200890206
1200890207
1200890208
1200890209
1200890210
1200890211
1200890212
1200890213
1200890214
1200890215
1200890216
1200890217
1200890218
1200890219
1200890220
1200890221
1200890222
1200890223
1200890224
1200890225
1200890226
1200890227
1200890228
1200890229
1200890230
1200890231
1200890232
1200890233
1200890234
1200890235
1200890236
1200890237
1200890238
1200890239
1200890240
1200890241
1200890242
1200890243
1200890244
1200890245
1200890246
1200890247
1200890248
1200890249
1200890250
1200890251
1200890252
1200890253
1200890254
1200890255
1200890256
1200890257
1200890258
1200890259
1200890260
1200890261
1200890262
1200890263
1200890264
1200890265
1200890266
1200890267
1200890268
1200890269
1200890270
1200890271
1200890272
1200890273
1200890274
1200890275
1200890276
1200890277
1200890278
1200890279
1200890280
1200890281
1200890282
1200890283
1200890284
1200890285
1200890286
1200890287
1200890288
1200890289
1200890290
1200890291
1200890292
1200890293
1200890294
1200890295
1200890296
1200890297
1200890298
1200890299
1200890300
1200890301
1200890302
1200890303
1200890304
1200890305
1200890306
1200890307
1200890308
1200890309
1200890310
1200890311
1200890312
1200890313
1200890314
1200890315
1200890316
1200890317
1200890318
1200890319
1200890320
1200890321
1200890322
1200890323
1200890324
1200890325
1200890326
1200890327
1200890328
1200890329
1200890330
1200890331
1200890332
1200890333
1200890334
1200890335
1200890336
1200890337
1200890338
1200890339
1200890340
1200890341
1200890342
1200890343
1200890344
1200890345
1200890346
1200890347
1200890348
1200890349
1200890350
1200890351
1200890352
1200890353
1200890354
1200890355
1200890356
1200890357
1200890358
1200890359
1200890360
1200890361
1200890362
1200890363
1200890364
1200890365
1200890366
1200890367
1200890368
1200890369
1200890370
1200890371
1200890372
1200890373
1200890374
1200890375
1200890376
1200890377
1200890378
1200890379
1200890380
1200890381
1200890382
1200890383
1200890384
1200890385
1200890386
1200890387
1200890388
1200890389
1200890390
1200890391
1200890392
1200890393
1200890394
1200890395
1200890396
1200890397
1200890398
1200890399
1200890400
1200890401
1200890402
1200890403
1200890404
1200890405
1200890406
1200890407
1200890408
1200890409
1200890410
1200890411
1200890412
1200890413
1200890414
1200890415
1200890416
1200890417
1200890418
1200890419
1200890420
1200890421
1200890422
1200890423
1200890424
1200890425
1200890426
1200890427
1200890428
1200890429
1200890430
1200890431
1200890432
1200890433
1200890434
1200890435
1200890436
1200890437
1200890438
1200890439
1200890440
1200890441
1200890442
1200890443
1200890444
1200890445
1200890446
1200890447
1200890448
1200890449
1200890450
1200890451
1200890452
1200890453
1200890454
1200900001
1200900002
1200900003
1200900004
1200900005
1200900006
1200900007
1200900008
1200900009
1200900010
1200900011
1200900012
1200900013
1200900014
1200900015
1200900016
1200900017
1200900018
1200900019
1200900020
1200900021
1200900022
1200900023
1200900024
1200900025
1200900026
1200900027
1200900028
1200900029
1200900030
1200900031
1200900032
1200900033
1200900034
1200900035
1200900036
1200900037
1200900038
1200900039
1200900040
1200900041
1200900042
1200900043
1200900044
1200900045
1200900046
1200900047
1200900048
1200900049
1200900050
1200900051
1200900052
1200900053
1200900054
1200900055
1200900056
1200900057
1200900058
1200900059
1200900060
1200900061
1200900062
1200900063
1200900064
1200900065
1200900066
1200900067
1200900068
1200900069
1200900070
1200900071
1200900072
1200900073
1200900074
1200900075
1200900076
1200900077
1200900078
1200900079
1200900080
1200900081
1200900082
1200900083
1200900084
1200900085
1200900086
1200900087
1200900088
1200900089
1200900090
1200900091
1200900092
1200900093
1200900094
1200900095
1200900096
1200900097
1200900098
1200900099
1200900100
1200900101
1200900102
1200900103
1200900104
1200900105
1200900106
1200900107
1200900108
1200900109
1200900110
1200900111
1200900112
1200900113
1200900114
1200900115
1200900116
1200900117
1200900118
1200900119
1200900120
1200900121
1200900122
1200900123
1200900124
1200900125
1200900126
1200900127
1200900128
1200900129
1200900130
1200900131
1200900132
1200900133
1200900134
1200900135
1200900136
1200900137
1200900138
1200900139
1200900140
1200900141
1200900142
1200900143
1200900144
1200900145
1200900146
1200900147
1200900148
1200900149
1200900150
1200900151
1200900152
1200900153
1200900154
1200900155
1200900156
1200900157
1200900158
1200900159
1200900160
1200900161
1200900162
1200900163
1200900164
1200900165
1200900166
1200900167
1200900168
1200900169
1200900170
1200900171
1200900172
1200900173
1200900174
1200900175
1200900176
1200900177
1200900178
1200900179
1200900180
1200900181
1200900182
1200900183
1200900184
1200900185
1200900186
1200900187
1200900188
1200900189
1200900190
1200900191
1200900192
1200900193
1200900194
1200900195
1200900196
1200900197
1200900198
1200900199
1200900200
1200900201
1200900202
1200900203
1200900204
1200900205
1200900206
1200900207
1200900208
1200900209
1200900210
1200900211
1200900212
1200900213
1200900214
1200900215
1200900216
1200900217
1200900218
1200900219
1200900220
1200900221
1200900222
1200900223
1200900224
1200900225
1200900226
1200900227
1200900228
1200900229
1200900230
1200900231
1200900232
1200900233
1200900234
1200900235
1200900236
1200900237
1200900238
1200900239
1200900240
1200900241
1200900242
1200900243
1200900244
1200900245
1200900246
1200900247
1200900248
1200900249
1200900250
1200900251
1200900252
1200900253
1200900254
1200900255
1200900256
1200900257
1200900258
1200900259
1200900260
1200900261
1200900262
1200900263
1200900264
1200900265
1200900266
1200900267
1200900268
1200900269
1200900270
1200900271
1200900272
1200900273
1200900274
1200900275
1200900276
1200900277
1200900278
1200900279
1200900280
1200900281
1200900282
1200900283
1200900284
1200900285
1200900286
1200900287
1200900288
1200900289
1200900290
1200900291
1200900292
1200900293
1200900294
1200900295
1200900296
1200900297
1200900298
1200900299
1200900300
1200900301
1200900302
1200900303
1200900304
1200900305
1200900306
1200900307
1200900308
1200900309
1200900310
1200900311
1200900312
1200900313
1200900314
1200900315
1200900316
1200900317
1200900318
1200900319
1200900320
1200900321
1200900322
1200900323
1200900324
1200900325
1200900326
1200900327
1200900328
1200900329
1200900330
1200900331
1200900332
1200900333
1200900334
1200900335
1200900336
1200900337
1200900338
1200900339
1200900340
1200900341
1200900342
1200900343
1200900344
1200900345
1200900346
1200900347
1200900348
1200900349
1200900350
1200900351
1200900352
1200900353
1200900354
1200900355
1200900356
1200900357
1200900358
1200900359
1200900360
1200900361
1200900362
1200900363
1200900364
1200900365
1200900366
1200900367
1200900368
1200900369
1200900370
1200900371
1200900372
1200900373
1200900374
1200900375
1200910001
1200910002
1200910003
1200910004
1200910005
1200910006
1200910007
1200910008
1200910009
1200910010
1200910011
1200910012
1200910013
1200910014
1200910015
1200910016
1200910017
1200910018
1200910019
1200910020
1200910021
1200910022
1200910023
1200910024
1200910025
1200910026
1200910027
1200910028
1200910029
1200910030
1200910031
1200910032
1200910033
1200910034
1200910035
1200910036
1200910037
1200910038
1200910039
1200910040
1200910041
1200910042
1200910043
1200910044
1200910045
1200910046
1200910047
1200910048
1200910049
1200910050
1200910051
1200910052
1200910053
1200910054
1200910055
1200910056
1200910057
1200910058
1200910059
1200910060
1200910061
1200910062
1200910063
1200910064
1200910065
1200910066
1200910067
1200910068
1200910069
1200910070
1200910071
1200910072
1200910073
1200910074
1200910075
1200910076
1200910077
1200910078
1200910079
1200910080
1200910081
1200910082
1200910083
1200910084
1200910085
1200910086
1200910087
1200910088
1200910089
1200910090
1200910091
1200910092
1200910093
1200910094
1200910095
1200910096
1200910097
1200910098
1200910099
1200910100
1200910101
1200910102
1200910103
1200910104
1200910105
1200910106
1200910107
1200910108
1200910109
1200910110
1200910111
1200910112
1200910113
1200910114
1200910115
1200910116
1200910117
1200910118
1200910119
1200910120
1200910121
1200910122
1200910123
1200910124
1200910125
1200910126
1200910127
1200910128
1200910129
1200910130
1200910131
1200910132
1200910133
1200910134
1200910135
1200910136
1200910137
1200910138
1200910139
1200910140
1200910141
1200910142
1200910143
1200910144
1200910145
1200910146
1200910147
1200910148
1200910149
1200910150
1200910151
1200910152
1200910153
1200910154
1200910155
1200910156
1200910157
1200910158
1200910159
1200910160
1200910161
1200910162
1200910163
1200910164
1200910165
1200910166
1200910167
1200910168
1200910169
1200910170
1200910171
1200910172
1200910173
1200910174
1200910175
1200910176
1200910177
1200910178
1200910179
1200910180
1200910181
1200910182
1200910183
1200910184
1200910185
1200910186
1200910187
1200910188
1200910189
1200910190
1200910191
1200910192
1200910193
1200910194
1200910195
1200910196
1200910197
1200910198
1200910199
1200910200
1200910201
1200910202
1200910203
1200910204
1200910205
1200910206
1200910207
1200910208
1200910209
1200910210
1200910211
1200910212
1200910213
1200910214
1200910215
1200910216
1200910217
1200910218
1200910219
1200910220
1200910221
1200910222
1200910223
1200910224
1200910225
1200910226
1200910227
1200910228
1200910229
1200910230
1200910231
1200910232
1200910233
1200910234
1200910235
1200910236
1200910237
1200910238
1200910239
1200910240
1200910241
1200910242
1200910243
1200910244
1200910245
1200910246
1200910247
1200910248
1200910249
1200910250
1200910251
1200910252
1200910253
1200910254
1200910255
1200910256
1200910257
1200910258
1200910259
1200910260
1200910261
1200910262
1200910263
1200910264
1200910265
1200910266
1200910267
1200910268
1200910269
1200910270
1200910271
1200910272
1200910273
1200910274
1200910275
1200910276
1200910277
1200910278
1200910279
1200910280
1200910281
1200910282
1200910283
1200910284
1200910285
1200910286
1200910287
1200910288
1200910289
1200910290
1200910291
1200910292
1200910293
1200910294
1200910295
1200910296
1200910297
1200910298
1200910299
1200910300
1200910301
1200910302
1200910303
1200910304
1200910305
1200910306
1200910307
1200910308
1200910309
1200910310
1200910311
1200910312
1200910313
1200910314
1200910315
1200910316
1200910317
1200910318
1200910319
1200910320
1200910321
1200910322
1200910323
1200910324
1200910325
1200910326
1200910327
1200910328
1200910329
1200910330
1200910331
1200910332
1200910333
1200910334
1200910335
1200910336
1200910337
1200910338
1200910339
1200910340
1200910341
1200910342
1200910343
1200910344
1200910345
1200910346
1200910347
1200910348
1200910349
1200910350
1200910351
1200910352
1200910353
1200910354
1200910355
1200910356
1200910357
1200910358
1200910359
1200910360
1200910361
1200920001
1200920002
1200920003
1200920004
1200920005
1200920006
1200920007
1200920008
1200920009
1200920010
1200920011
1200920012
1200920013
1200920014
1200920015
1200920016
1200920017
1200920018
1200920019
1200920020
1200920021
1200920022
1200920023
1200920024
1200920025
1200920026
1200920027
1200920028
1200920029
1200920030
1200920031
1200920032
1200920033
1200920034
1200920035
1200920036
1200920037
1200920038
1200920039
1200920040
1200920041
1200920042
1200920043
1200920044
1200920045
1200920046
1200920047
1200920048
1200920049
1200920050
1200920051
1200920052
1200920053
1200920054
1200920055
1200920056
1200920057
1200920058
1200920059
1200920060
1200920061
1200920062
1200920063
1200920064
1200920065
1200920066
1200920067
1200920068
1200920069
1200920070
1200920071
1200920072
1200920073
1200920074
1200920075
1200920076
1200920077
1200920078
1200920079
1200920080
1200920081
1200920082
1200920083
1200920084
1200920085
1200920086
1200920087
1200920088
1200920089
1200920090
1200920091
1200920092
1200920093
1200920094
1200920095
1200920096
1200920097
1200920098
1200920099
1200920100
1200920101
1200920102
1200920103
1200920104
1200920105
1200920106
1200920107
1200920108
1200920109
1200920110
1200920111
1200920112
1200920113
1200920114
1200920115
1200920116
1200920117
1200920118
1200920119
1200920120
1200920121
1200920122
1200920123
1200920124
1200920125
1200920126
1200920127
1200920128
1200920129
1200920130
1200920131
1200920132
1200920133
1200920134
1200920135
1200920136
1200920137
1200920138
1200920139
1200920140
1200920141
1200920142
1200920143
1200920144
1200920145
1200920146
1200920147
1200920148
1200920149
1200920150
1200920151
1200920152
1200920153
1200920154
1200920155
1200920156
1200920157
1200920158
1200920159
1200920160
1200920161
1200920162
1200920163
1200920164
1200920165
1200920166
1200920167
1200920168
1200920169
1200920170
1200920171
1200920172
1200920173
1200920174
1200920175
1200920176
1200920177
1200920178
1200920179
1200920180
1200920181
1200920182
1200920183
1200920184
1200920185
1200920186
1200920187
1200920188
1200920189
1200920190
1200920191
1200920192
1200920193
1200920194
1200920195
1200920196
1200920197
1200920198
1200920199
1200920200
1200920201
1200920202
1200920203
1200920204
1200920205
1200920206
1200920207
1200920208
1200920209
1200920210
1200920211
1200920212
1200920213
1200920214
1200920215
1200920216
1200920217
1200920218
1200920219
1200920220
1200920221
1200920222
1200920223
1200920224
1200920225
1200920226
1200920227
1200920228
1200920229
1200920230
1200920231
1200920232
1200920233
1200920234
1200920235
1200920236
1200920237
1200920238
1200920239
1200920240
1200920241
1200920242
1200920243
1200920244
1200920245
1200920246
1200920247
1200920248
1200920249
1200920250
1200920251
1200920252
1200920253
1200920254
1200920255
1200920256
1200920257
1200920258
1200920259
1200920260
1200920261
1200920262
1200920263
1200920264
1200920265
1200920266
1200920267
1200920268
1200920269
1200920270
1200920271
1200920272
1200920273
1200920274
1200920275
1200920276
1200920277
1200920278
1200920279
1200920280
1200920281
1200920282
1200920283
1200920284
1200920285
1200920286
1200920287
1200920288
1200920289
1200920290
1200920291
1200920292
1200920293
1200920294
1200920295
1200920296
1200920297
1200920298
1200920299
1200920300
1200920301
1200920302
1200920303
1200920304
1200920305
1200920306
1200920307
1200920308
1200920309
1200920310
1200920311
1200920312
1200920313
1200920314
1200920315
1200920316
1200920317
1200920318
1200920319
1200920320
1200920321
1200920322
1200920323
1200920324
1200920325
1200920326
1200920327
1200920328
1200920329
1200920330
1200920331
1200920332
1200920333
1200920334
1200920335
1200920336
1200920337
1200920338
1200920339
1200920340
1200920341
1200920342
1200920343
1200920344
1200920345
1200920346
1200920347
1200920348
1200920349
1200920350
1200920351
1200920352
1200920353
1200920354
1200920355
1200920356
1200920357
1200920358
1200920359
1200920360
1200920361
1200920362
1200920363
1200920364
1200920365
1200920366
1200920367
1200920368
1200920369
1200920370
1200920371
1200920372
1200920373
1200920374
1200920375
1200920376
1200920377
1200920378
1200920379
1200920380
1200920381
1200920382
1200920383
1200920384
1200920385
1200920386
1200920387
1200920388
1200920389
1200920390
1200920391
1200920392
1200920393
1200920394
1200920395
1200920396
1200920397
1200920398
1200920399
1200920400
1200920401
1200920402
1200920403
1200920404
1200920405
1200920406
1200920407
1200920408
1200920409
1200920410
1200920411
1200920412
1200920413
1200920414
1200920415
1200920416
1200920417
1200920418
1200920419
1200920420
1200920421
1200920422
1200920423
1200920424
1200920425
1200920426
1200920427
1200920428
1200920429
1200920430
1200920431
1200920432
1200920433
1200920434
1200920435
1200920436
1200920437
1200920438
1200920439
1200920440
1200920441
1200920442
1200920443
1200920444
1200920445
1200920446
1200920447
1200920448
1200920449
1200920450
1200920451
1200920452
1200920453
1200920454
1200920455
1200920456
1200920457
1200920458
1200920459
1200920460
1200920461
1200920462
1200920463
1200920464
1200920465
1200920466
1200920467
1200920468
1200920469
1200920470
1200920471
1200920472
1200920473
1200920474
1200920475
1200920476
1200920477
1200920478
1200920479
1200920480
1200920481
1200920482
1200920483
1200920484
1200920485
1200920486
1200920487
1200920488
1200920489
1200920490
1200920491
1200920492
1200920493
1200920494
1200920495
1200920496
1200920497
1200920498
1200920499
1200920500
1200920501
1200920502
1200920503
1200920504
1200920505
1200920506
1200920507
1200920508
1200920509
1200920510
1200920511
1200920512
1200920513
1200920514
1200920515
1200920516
1200920517
1200920518
1200920519
1200920520
1200920521
1200920522
1200920523
1200920524
1200920525
1200920526
1200920527
1200920528
1200920529
1200920530
1200920531
1200920532
1200920533
1200930001
1200930002
1200930003
1200930004
1200930005
1200930006
1200930007
1200930008
1200930009
1200930010
1200930011
1200930012
1200930013
1200930014
1200930015
1200930016
1200930017
1200930018
1200930019
1200930020
1200930021
1200930022
1200930023
1200930024
1200930025
1200930026
1200930027
1200930028
1200930029
1200930030
1200930031
1200930032
1200930033
1200930034
1200930035
1200930036
1200930037
1200930038
1200930039
1200930040
1200930041
1200930042
1200930043
1200930044
1200930045
1200930046
1200930047
1200930048
1200930049
1200930050
1200930051
1200930052
1200930053
1200930054
1200930055
1200930056
1200930057
1200930058
1200930059
1200930060
1200930061
1200930062
1200930063
1200930064
1200930065
1200930066
1200930067
1200930068
1200930069
1200930070
1200930071
1200930072
1200930073
1200930074
1200930075
1200930076
1200930077
1200930078
1200930079
1200930080
1200930081
1200930082
1200930083
1200930084
1200930085
1200930086
1200930087
1200930088
1200930089
1200930090
1200930091
1200930092
1200930093
1200930094
1200930095
1200930096
1200930097
1200930098
1200930099
1200930100
1200930101
1200930102
1200930103
1200930104
1200930105
1200930106
1200930107
1200930108
1200930109
1200930110
1200930111
1200930112
1200930113
1200930114
1200930115
1200930116
1200930117
1200930118
1200930119
1200930120
1200930121
1200930122
1200930123
1200930124
1200930125
1200930126
1200930127
1200930128
1200930129
1200930130
1200930131
1200930132
1200930133
1200930134
1200930135
1200930136
1200930137
1200930138
1200930139
1200930140
1200930141
1200930142
1200930143
1200930144
1200930145
1200930146
1200930147
1200930148
1200930149
1200930150
1200930151
1200930152
1200930153
1200930154
1200930155
1200930156
1200930157
1200930158
1200930159
1200930160
1200930161
1200930162
1200930163
1200930164
1200930165
1200930166
1200930167
1200930168
1200930169
1200930170
1200930171
1200930172
1200930173
1200930174
1200930175
1200930176
1200930177
1200930178
1200930179
1200930180
1200930181
1200930182
1200930183
1200930184
1200930185
1200930186
1200930187
1200930188
1200930189
1200930190
1200930191
1200930192
1200930193
1200930194
1200930195
1200930196
1200930197
1200930198
1200930199
1200930200
1200930201
1200930202
1200930203
1200930204
1200930205
1200930206
1200930207
1200930208
1200930209
1200930210
1200930211
1200930212
1200930213
1200930214
1200930215
1200930216
1200930217
1200930218
1200930219
1200930220
1200930221
1200930222
1200930223
1200930224
1200930225
1200930226
1200930227
1200930228
1200930229
1200930230
1200930231
1200930232
1200930233
1200930234
1200930235
1200930236
1200930237
1200930238
1200930239
1200930240
1200930241
1200930242
1200930243
1200930244
1200930245
1200930246
1200930247
1200930248
1200930249
1200930250
1200930251
1200930252
1200930253
1200930254
1200930255
1200930256
1200930257
1200930258
1200930259
1200930260
1200930261
1200930262
1200930263
1200930264
1200930265
1200930266
1200930267
1200930268
1200930269
1200930270
1200930271
1200930272
1200930273
1200930274
1200930275
1200930276
1200930277
1200930278
1200930279
1200930280
1200930281
1200930282
1200930283
1200930284
1200930285
1200930286
1200930287
1200930288
1200930289
1200930290
1200930291
1200930292
1200930293
1200930294
1200930295
1200930296
1200930297
1200930298
1200930299
1200930300
1200930301
1200930302
1200930303
1200930304
1200930305
1200930306
1200930307
1200930308
1200930309
1200930310
1200930311
1200930312
1200930313
1200930314
1200930315
1200930316
1200930317
1200930318
1200930319
1200930320
1200930321
1200930322
1200930323
1200930324
1200930325
1200930326
1200930327
1200930328
1200930329
1200930330
1200930331
1200930332
1200930333
1200930334
1200930335
1200930336
1200930337
1200930338
1200930339
1200930340
1200930341
1200930342
1200930343
1200930344
1200930345
1200930346
1200930347
1200930348
1200930349
1200930350
1200930351
1200930352
1200930353
1200930354
1200930355
1200930356
1200930357
1200930358
1200930359
1200930360
1200930361
1200930362
1200930363
1200930364
1200930365
1200930366
1200930367
1200930368
1200930369
1200930370
1200930371
1200930372
1200930373
1200930374
1200930375
1200930376
1200930377
1200930378
1200930379
1200930380
1200930381
1200930382
1200930383
1200930384
1200930385
1200930386
1200930387
1200930388
1200930389
1200930390
1200930391
1200930392
1200930393
1200930394
1200930395
1200930396
1200930397
1200930398
1200930399
1200930400
1200930401
1200930402
1200930403
1200930404
1200930405
1200930406
1200930407
1200930408
1200930409
1200930410
1200930411
1200930412
1200930413
1200930414
1200930415
1200930416
1200930417
1200930418
1200930419
1200940001
1200940002
1200940003
1200940004
1200940005
1200940006
1200940007
1200940008
1200940009
1200940010
1200940011
1200940012
1200940013
1200940014
1200940015
1200940016
1200940017
1200940018
1200940019
1200940020
1200940021
1200940022
1200940023
1200940024
1200940025
1200940026
1200940027
1200940028
1200940029
1200940030
1200940031
1200940032
1200940033
1200940034
1200940035
1200940036
1200940037
1200940038
1200940039
1200940040
1200940041
1200940042
1200940043
1200940044
1200940045
1200940046
1200940047
1200940048
1200940049
1200940050
1200940051
1200940052
1200940053
1200940054
1200940055
1200940056
1200940057
1200940058
1200940059
1200940060
1200940061
1200940062
1200940063
1200940064
1200940065
1200940066
1200940067
1200940068
1200940069
1200940070
1200940071
1200940072
1200940073
1200940074
1200940075
1200940076
1200940077
1200940078
1200940079
1200940080
1200940081
1200940082
1200940083
1200940084
1200940085
1200940086
1200940087
1200940088
1200940089
1200940090
1200940091
1200940092
1200940093
1200940094
1200940095
1200940096
1200940097
1200940098
1200940099
1200940100
1200940101
1200940102
1200940103
1200940104
1200940105
1200940106
1200940107
1200940108
1200940109
1200940110
1200940111
1200940112
1200940113
1200940114
1200940115
1200940116
1200940117
1200940118
1200940119
1200940120
1200940121
1200940122
1200940123
1200940124
1200940125
1200940126
1200940127
1200940128
1200940129
1200940130
1200940131
1200940132
1200940133
1200940134
1200940135
1200940136
1200940137
1200940138
1200940139
1200940140
1200940141
1200940142
1200940143
1200940144
1200940145
1200940146
1200940147
1200940148
1200940149
1200940150
1200940151
1200940152
1200940153
1200940154
1200940155
1200940156
1200940157
1200940158
1200940159
1200940160
1200940161
1200940162
1200940163
1200940164
1200940165
1200940166
1200940167
1200940168
1200940169
1200940170
1200940171
1200940172
1200940173
1200940174
1200940175
1200940176
1200940177
1200940178
1200940179
1200940180
1200940181
1200940182
1200940183
1200940184
1200940185
1200940186
1200940187
1200940188
1200940189
1200940190
1200940191
1200940192
1200940193
1200940194
1200940195
1200940196
1200940197
1200940198
1200940199
1200940200
1200940201
1200940202
1200940203
1200940204
1200940205
1200940206
1200940207
1200940208
1200940209
1200940210
1200940211
1200940212
1200940213
1200940214
1200940215
1200940216
1200940217
1200940218
1200940219
1200940220
1200940221
1200940222
1200940223
1200940224
1200940225
1200940226
1200940227
1200940228
1200940229
1200940230
1200940231
1200940232
1200940233
1200940234
1200940235
1200940236
1200940237
1200940238
1200940239
1200940240
1200940241
1200940242
1200940243
1200940244
1200940245
1200940246
1200940247
1200940248
1200940249
1200940250
1200940251
1200940252
1200940253
1200940254
1200940255
1200940256
1200940257
1200940258
1200940259
1200940260
1200940261
1200940262
1200940263
1200940264
1200940265
1200940266
1200940267
1200940268
1200940269
1200940270
1200940271
1200940272
1200940273
1200940274
1200940275
1200940276
1200940277
1200940278
1200940279
1200940280
1200940281
1200940282
1200940283
1200940284
1200940285
1200940286
1200940287
1200940288
1200940289
1200940290
1200940291
1200940292
1200940293
1200940294
1200940295
1200940296
1200940297
1200940298
1200940299
1200940300
1200940301
1200940302
1200940303
1200940304
1200940305
1200940306
1200940307
1200940308
1200940309
1200940310
1200940311
1200940312
1200940313
1200940314
1200940315
1200940316
1200950001
1200950002
1200950003
1200950004
1200950005
1200950006
1200950007
1200950008
1200950009
1200950010
1200950011
1200950012
1200950013
1200950014
1200950015
1200950016
1200950017
1200950018
1200950019
1200950020
1200950021
1200950022
1200950023
1200950024
1200950025
1200950026
1200950027
1200950028
1200950029
1200950030
1200950031
1200950032
1200950033
1200950034
1200950035
1200950036
1200950037
1200950038
1200950039
1200950040
1200950041
1200950042
1200950043
1200950044
1200950045
1200950046
1200950047
1200950048
1200950049
1200950050
1200950051
1200950052
1200950053
1200950054
1200950055
1200950056
1200950057
1200950058
1200950059
1200950060
1200950061
1200950062
1200950063
1200950064
1200950065
1200950066
1200950067
1200950068
1200950069
1200950070
1200950071
1200950072
1200950073
1200950074
1200950075
1200950076
1200950077
1200950078
1200950079
1200950080
1200950081
1200950082
1200950083
1200950084
1200950085
1200950086
1200950087
1200950088
1200950089
1200950090
1200950091
1200950092
1200950093
1200950094
1200950095
1200950096
1200950097
1200950098
1200950099
1200950100
1200950101
1200950102
1200950103
1200950104
1200950105
1200950106
1200950107
1200950108
1200950109
1200950110
1200950111
1200950112
1200950113
1200950114
1200950115
1200950116
1200950117
1200950118
1200950119
1200950120
1200950121
1200950122
1200950123
1200950124
1200950125
1200950126
1200950127
1200950128
1200950129
1200950130
1200950131
1200950132
1200950133
1200950134
1200950135
1200950136
1200950137
1200950138
1200950139
1200950140
1200950141
1200950142
1200950143
1200950144
1200950145
1200950146
1200950147
1200950148
1200950149
1200950150
1200950151
1200950152
1200950153
1200950154
1200950155
1200950156
1200950157
1200950158
1200950159
1200950160
1200950161
1200950162
1200950163
1200950164
1200950165
1200950166
1200950167
1200950168
1200950169
1200950170
1200950171
1200950172
1200950173
1200950174
1200950175
1200950176
1200950177
1200950178
1200950179
1200950180
1200950181
1200950182
1200950183
1200950184
1200950185
1200950186
1200950187
1200950188
1200950189
1200950190
1200950191
1200950192
1200950193
1200950194
1200950195
1200950196
1200950197
1200950198
1200950199
1200950200
1200950201
1200950202
1200950203
1200950204
1200950205
1200950206
1200950207
1200950208
1200950209
1200950210
1200950211
1200950212
1200950213
1200950214
1200950215
1200950216
1200950217
1200950218
1200950219
1200950220
1200950221
1200950222
1200950223
1200950224
1200950225
1200950226
1200950227
1200950228
1200950229
1200950230
1200950231
1200950232
1200950233
1200950234
1200950235
1200950236
1200950237
1200950238
1200950239
1200950240
1200950241
1200950242
1200950243
1200950244
1200950245
1200950246
1200950247
1200950248
1200950249
1200950250
1200950251
1200950252
1200950253
1200950254
1200950255
1200950256
1200950257
1200950258
1200950259
1200950260
1200950261
1200950262
1200950263
1200950264
1200950265
1200950266
1200950267
1200950268
1200950269
1200950270
1200950271
1200950272
1200950273
1200950274
1200950275
1200950276
1200950277
1200950278
1200950279
1200950280
1200950281
1200950282
1200950283
1200950284
1200950285
1200950286
1200950287
1200950288
1200950289
1200950290
1200950291
1200950292
1200950293
1200950294
1200950295
1200950296
1200950297
1200950298
1200950299
1200950300
1200950301
1200950302
1200950303
1200950304
1200950305
1200950306
1200950307
1200950308
1200950309
1200950310
1200950311
1200950312
1200950313
1200950314
1200950315
1200950316
1200950317
1200950318
1200950319
1200950320
1200950321
1200950322
1200950323
1200950324
1200950325
1200950326
1200950327
1200950328
1200950329
1200950330
1200950331
1200950332
1200950333
1200950334
1200950335
1200950336
1200950337
1200950338
1200950339
1200950340
1200950341
1200950342
1200950343
1200950344
1200950345
1200950346
1200950347
1200950348
1200950349
1200950350
1200950351
1200950352
1200950353
1200950354
1200950355
1200950356
1200950357
1200950358
1200950359
1200950360
1200950361
1200950362
1200950363
1200950364
1200950365
1200950366
1200950367
1200950368
1200950369
1200950370
1200950371
1200950372
1200950373
1200950374
1200950375
1200950376
1200950377
1200950378
1200950379
1200950380
1200950381
1200950382
1200950383
1200950384
1200950385
1200950386
1200950387
1200950388
1200950389
1200950390
1200950391
1200950392
1200950393
1200950394
1200950395
1200950396
1200950397
1200950398
1200950399
1200950400
1200950401
1200950402
1200950403
1200950404
1200950405
1200950406
1200950407
1200950408
1200950409
1200950410
1200950411
1200950412
1200950413
1200950414
1200950415
1200950416
1200950417
1200950418
1200950419
1200950420
1200950421
1200950422
1200950423
1200950424
1200950425
1200950426
1200950427
1200950428
1200950429
1200950430
1200950431
1200950432
1200950433
1200950434
1200950435
1200950436
1200950437
1200950438
1200950439
1200950440
1200950441
1200950442
1200950443
1200950444
1200950445
1200950446
1200950447
1200950448
1200950449
1200950450
1200950451
1200950452
1200950453
1200950454
1200950455
1200950456
1200950457
1200950458
1200950459
1200950460
1200950461
1200950462
1200950463
1200950464
1200950465
1200950466
1200960001
1200960002
1200960003
1200960004
1200960005
1200960006
1200960007
1200960008
1200960009
1200960010
1200960011
1200960012
1200960013
1200960014
1200960015
1200960016
1200960017
1200960018
1200960019
1200960020
1200960021
1200960022
1200960023
1200960024
1200960025
1200960026
1200960027
1200960028
1200960029
1200960030
1200960031
1200960032
1200960033
1200960034
1200960035
1200960036
1200960037
1200960038
1200960039
1200960040
1200960041
1200960042
1200960043
1200960044
1200960045
1200960046
1200960047
1200960048
1200960049
1200960050
1200960051
1200960052
1200960053
1200960054
1200960055
1200960056
1200960057
1200960058
1200960059
1200960060
1200960061
1200960062
1200960063
1200960064
1200960065
1200960066
1200960067
1200960068
1200960069
1200960070
1200960071
1200960072
1200960073
1200960074
1200960075
1200960076
1200960077
1200960078
1200960079
1200960080
1200960081
1200960082
1200960083
1200960084
1200960085
1200960086
1200960087
1200960088
1200960089
1200960090
1200960091
1200960092
1200960093
1200960094
1200960095
1200960096
1200960097
1200960098
1200960099
1200960100
1200960101
1200960102
1200960103
1200960104
1200960105
1200960106
1200960107
1200960108
1200960109
1200960110
1200960111
1200960112
1200960113
1200960114
1200960115
1200960116
1200960117
1200960118
1200960119
1200960120
1200960121
1200960122
1200960123
1200960124
1200960125
1200960126
1200960127
1200960128
1200960129
1200960130
1200960131
1200960132
1200960133
1200960134
1200960135
1200960136
1200960137
1200960138
1200960139
1200960140
1200960141
1200960142
1200960143
1200960144
1200960145
1200960146
1200960147
1200960148
1200960149
1200960150
1200960151
1200960152
1200960153
1200960154
1200960155
1200960156
1200960157
1200960158
1200960159
1200960160
1200960161
1200960162
1200960163
1200960164
1200960165
1200960166
1200960167
1200960168
1200960169
1200960170
1200960171
1200960172
1200960173
1200960174
1200960175
1200960176
1200960177
1200960178
1200960179
1200960180
1200960181
1200960182
1200960183
1200960184
1200960185
1200960186
1200960187
1200960188
1200960189
1200960190
1200960191
1200960192
1200960193
1200960194
1200960195
1200960196
1200960197
1200960198
1200960199
1200960200
1200960201
1200960202
1200960203
1200960204
1200960205
1200960206
1200960207
1200960208
1200960209
1200960210
1200960211
1200960212
1200960213
1200960214
1200960215
1200960216
1200960217
1200960218
1200960219
1200960220
1200960221
1200960222
1200960223
1200960224
1200960225
1200960226
1200960227
1200960228
1200960229
1200960230
1200960231
1200960232
1200960233
1200960234
1200960235
1200960236
1200960237
1200960238
1200960239
1200960240
1200960241
1200960242
1200960243
1200960244
1200960245
1200960246
1200960247
1200960248
1200960249
1200960250
1200960251
1200960252
1200960253
1200960254
1200960255
1200960256
1200960257
1200960258
1200960259
1200960260
1200960261
1200960262
1200960263
1200960264
1200960265
1200960266
1200960267
1200960268
1200960269
1200960270
1200960271
1200960272
1200960273
1200960274
1200960275
1200960276
1200960277
1200960278
1200960279
1200960280
1200960281
1200960282
1200960283
1200960284
1200960285
1200960286
1200960287
1200960288
1200960289
1200960290
1200960291
1200960292
1200960293
1200960294
1200960295
1200960296
1200960297
1200960298
1200960299
1200960300
1200960301
1200960302
1200960303
1200960304
1200960305
1200960306
1200960307
1200960308
1200960309
1200960310
1200960311
1200960312
1200960313
1200960314
1200960315
1200960316
1200960317
1200960318
1200960319
1200960320
1200960321
1200960322
1200960323
1200960324
1200960325
1200960326
1200960327
1200960328
1200960329
1200960330
1200960331
1200960332
1200960333
1200960334
1200960335
1200960336
1200960337
1200960338
1200960339
1200960340
1200960341
1200960342
1200960343
1200960344
1200960345
1200960346
1200960347
1200960348
1200960349
1200960350
1200960351
1200960352
1200960353
1200960354
1200960355
1200960356
1200960357
1200960358
1200960359
1200960360
1200960361
1200960362
1200960363
1200960364
1200960365
1200960366
1200960367
1200960368
1200960369
1200960370
1200960371
1200960372
1200960373
1200960374
1200960375
1200960376
1200960377
1200960378
1200960379
1200960380
1200960381
1200960382
1200960383
1200960384
1200960385
1200960386
1200960387
1200960388
1200960389
1200960390
1200960391
1200960392
1200960393
1200960394
1200960395
1200960396
1200960397
1200960398
1200960399
1200960400
1200960401
1200960402
1200960403
1200960404
1200960405
1200960406
1200960407
1200960408
1200960409
1200960410
1200960411
1200960412
1200960413
1200960414
1200960415
1200960416
1200960417
1200960418
1200960419
1200960420
1200960421
1200960422
1200960423
1200960424
1200960425
1200960426
1200960427
1200960428
1200960429
1200960430
1200960431
1200960432
1200960433
1200960434
1200960435
1200960436
1200960437
1200960438
1200960439
1200960440
1200960441
1200960442
1200960443
1200960444
1200960445
1200960446
1200960447
1200960448
1200960449
1200960450
1200960451
1200960452
1200960453
1200960454
1200960455
1200960456
1200960457
1200960458
1200960459
1200960460
1200960461
1200960462
1200960463
1200960464
1200970001
1200970002
1200970003
1200970004
1200970005
1200970006
1200970007
1200970008
1200970009
1200970010
1200970011
1200970012
1200970013
1200970014
1200970015
1200970016
1200970017
1200970018
1200970019
1200970020
1200970021
1200970022
1200970023
1200970024
1200970025
1200970026
1200970027
1200970028
1200970029
1200970030
1200970031
1200970032
1200970033
1200970034
1200970035
1200970036
1200970037
1200970038
1200970039
1200970040
1200970041
1200970042
1200970043
1200970044
1200970045
1200970046
1200970047
1200970048
1200970049
1200970050
1200970051
1200970052
1200970053
1200970054
1200970055
1200970056
1200970057
1200970058
1200970059
1200970060
1200970061
1200970062
1200970063
1200970064
1200970065
1200970066
1200970067
1200970068
1200970069
1200970070
1200970071
1200970072
1200970073
1200970074
1200970075
1200970076
1200970077
1200970078
1200970079
1200970080
1200970081
1200970082
1200970083
1200970084
1200970085
1200970086
1200970087
1200970088
1200970089
1200970090
1200970091
1200970092
1200970093
1200970094
1200970095
1200970096
1200970097
1200970098
1200970099
1200970100
1200970101
1200970102
1200970103
1200970104
1200970105
1200970106
1200970107
1200970108
1200970109
1200970110
1200970111
1200970112
1200970113
1200970114
1200970115
1200970116
1200970117
1200970118
1200970119
1200970120
1200970121
1200970122
1200970123
1200970124
1200970125
1200970126
1200970127
1200970128
1200970129
1200970130
1200970131
1200970132
1200970133
1200970134
1200970135
1200970136
1200970137
1200970138
1200970139
1200970140
1200970141
1200970142
1200970143
1200970144
1200970145
1200970146
1200970147
1200970148
1200970149
1200970150
1200970151
1200970152
1200970153
1200970154
1200970155
1200970156
1200970157
1200970158
1200970159
1200970160
1200970161
1200970162
1200970163
1200970164
1200970165
1200970166
1200970167
1200970168
1200970169
1200970170
1200970171
1200970172
1200970173
1200970174
1200970175
1200970176
1200970177
1200970178
1200970179
1200970180
1200970181
1200970182
1200970183
1200970184
1200970185
1200970186
1200970187
1200970188
1200970189
1200970190
1200970191
1200970192
1200970193
1200970194
1200970195
1200970196
1200970197
1200970198
1200970199
1200970200
1200970201
1200970202
1200970203
1200970204
1200970205
1200970206
1200970207
1200970208
1200970209
1200970210
1200970211
1200970212
1200970213
1200970214
1200970215
1200970216
1200970217
1200970218
1200970219
1200970220
1200970221
1200970222
1200970223
1200970224
1200970225
1200970226
1200970227
1200970228
1200970229
1200970230
1200970231
1200970232
1200970233
1200970234
1200970235
1200970236
1200970237
1200970238
1200970239
1200970240
1200970241
1200970242
1200970243
1200970244
1200970245
1200970246
1200970247
1200970248
1200970249
1200970250
1200970251
1200970252
1200970253
1200970254
1200970255
1200970256
1200970257
1200970258
1200970259
1200970260
1200970261
1200970262
1200970263
1200970264
1200970265
1200970266
1200970267
1200970268
1200970269
1200970270
1200970271
1200970272
1200970273
1200970274
1200970275
1200970276
1200970277
1200970278
1200970279
1200970280
1200970281
1200970282
1200970283
1200970284
1200970285
1200970286
1200970287
1200970288
1200970289
1200970290
1200970291
1200970292
1200970293
1200970294
1200970295
1200970296
1200970297
1200970298
1200970299
1200970300
1200970301
1200970302
1200970303
1200970304
1200970305
1200970306
1200970307
1200970308
1200970309
1200970310
1200970311
1200970312
1200970313
1200970314
1200970315
1200970316
1200970317
1200970318
1200970319
1200970320
1200970321
1200970322
1200970323
1200970324
1200970325
1200970326
1200970327
1200970328
1200970329
1200970330
1200970331
1200970332
1200970333
1200970334
1200970335
1200970336
1200970337
1200970338
1200970339
1200970340
1200970341
1200970342
1200970343
1200970344
1200970345
1200970346
1200970347
1200970348
1200970349
1200970350
1200970351
1200970352
1200970353
1200970354
1200970355
1200970356
1200970357
1200970358
1200970359
1200970360
1200970361
1200980001
1200980002
1200980003
1200980004
1200980005
1200980006
1200980007
1200980008
1200980009
1200980010
1200980011
1200980012
1200980013
1200980014
1200980015
1200980016
1200980017
1200980018
1200980019
1200980020
1200980021
1200980022
1200980023
1200980024
1200980025
1200980026
1200980027
1200980028
1200980029
1200980030
1200980031
1200980032
1200980033
1200980034
1200980035
1200980036
1200980037
1200980038
1200980039
1200980040
1200980041
1200980042
1200980043
1200980044
1200980045
1200980046
1200980047
1200980048
1200980049
1200980050
1200980051
1200980052
1200980053
1200980054
1200980055
1200980056
1200980057
1200980058
1200980059
1200980060
1200980061
1200980062
1200980063
1200980064
1200980065
1200980066
1200980067
1200980068
1200980069
1200980070
1200980071
1200980072
1200980073
1200980074
1200980075
1200980076
1200980077
1200980078
1200980079
1200980080
1200980081
1200980082
1200980083
1200980084
1200980085
1200980086
1200980087
1200980088
1200980089
1200980090
1200980091
1200980092
1200980093
1200980094
1200980095
1200980096
1200980097
1200980098
1200980099
1200980100
1200980101
1200980102
1200980103
1200980104
1200980105
1200980106
1200980107
1200980108
1200980109
1200980110
1200980111
1200980112
1200980113
1200980114
1200980115
1200980116
1200980117
1200980118
1200980119
1200980120
1200980121
1200980122
1200980123
1200980124
1200980125
1200980126
1200980127
1200980128
1200980129
1200980130
1200980131
1200980132
1200980133
1200980134
1200980135
1200980136
1200980137
1200980138
1200980139
1200980140
1200980141
1200980142
1200980143
1200980144
1200980145
1200980146
1200980147
1200980148
1200980149
1200980150
1200980151
1200980152
1200980153
1200980154
1200980155
1200980156
1200980157
1200980158
1200980159
1200980160
1200980161
1200980162
1200980163
1200980164
1200980165
1200980166
1200980167
1200980168
1200980169
1200980170
1200980171
1200980172
1200980173
1200980174
1200980175
1200980176
1200980177
1200980178
1200980179
1200980180
1200980181
1200980182
1200980183
1200980184
1200980185
1200980186
1200980187
1200980188
1200980189
1200980190
1200980191
1200980192
1200980193
1200980194
1200980195
1200980196
1200980197
1200980198
1200980199
1200980200
1200980201
1200980202
1200980203
1200980204
1200980205
1200980206
1200980207
1200980208
1200980209
1200980210
1200980211
1200980212
1200980213
1200980214
1200980215
1200980216
1200980217
1200980218
1200980219
1200980220
1200980221
1200980222
1200980223
1200980224
1200980225
1200980226
1200980227
1200980228
1200980229
1200980230
1200980231
1200980232
1200980233
1200980234
1200980235
1200980236
1200980237
1200980238
1200980239
1200980240
1200980241
1200980242
1200980243
1200980244
1200980245
1200980246
1200980247
1200980248
1200980249
1200980250
1200980251
1200980252
1200980253
1200980254
1200980255
1200980256
1200980257
1200980258
1200980259
1200980260
1200980261
1200980262
1200980263
1200980264
1200980265
1200980266
1200980267
1200980268
1200980269
1200980270
1200980271
1200980272
1200980273
1200980274
1200980275
1200980276
1200980277
1200980278
1200980279
1200980280
1200980281
1200980282
1200980283
1200980284
1200980285
1200980286
1200980287
1200980288
1200980289
1200980290
1200980291
1200980292
1200980293
1200980294
1200980295
1200980296
1200980297
1200980298
1200980299
1200980300
1200980301
1200980302
1200980303
1200980304
1200980305
1200980306
1200980307
1200980308
1200980309
1200980310
1200980311
1200980312
1200980313
1200980314
1200980315
1200980316
1200980317
1200980318
1200980319
1200980320
1200980321
1200980322
1200980323
1200980324
1200980325
1200980326
1200980327
1200980328
1200980329
1200980330
1200980331
1200980332
1200980333
1200980334
1200980335
1200980336
1200980337
1200980338
1200980339
1200980340
1200980341
1200980342
1200980343
1200980344
1200980345
1200980346
1200980347
1200980348
1200980349
1300000000
1301410001
1301410002
1301410003
1301410004
1301410005
1301410006
1301410007
1301410008
1301410009
1301410010
1301410011
1301410012
1301410013
1301410014
1301410015
1301420001
1301430001
1301430002
1301430003
1301430004
1301430005
1301430006
1301430007
1301430008
1301430009
1301430010
1301430011
1301430012
1301430013
1301430014
1301430015
1301440001
1301460001
1301470001
1301470002
1301470003
1301470004
1301470005
1301470006
1301470007
1301470008
1301470009
1301470010
1301470011
1301470012
1301470013
1301470014
1301470015
1301490001
1301490002
1301490003
1301490004
1301490005
1301490006
1301490007
1301490008
1301490009
1301490010
1301490011
1301490012
1301490013
1301490014
1301490015
1301490016
1301500001
1301550001
1301550002
1301550003
1301550004
1301550005
1301550006
1301550007
1301550008
1301550009
1301550010
1301550011
1301550012
1301550013
1301550014
1301550015
1301550016
1301550017
1301550018
1301550019
1301560001
1301660001
1301660002
1301660003
1301670001
1301670002
1301670003
1301670004
1301670005
1301670006
1301670007
1301670008
1301670009
1301670010
1301670011
1301670012
1301670013
1301680001
1301690001
1301710001
1301710002
1301710003
1301710004
1301720001
1301730001
1301730002
1301730003
1301730004
1301730005
1301730006
1301730007
1301730008
1301730009
1301730010
1301730011
1301730012
1301730013
1301730014
1301730015
1301730016
1301730017
1301730018
1301730019
1301740001
1301770001
1301770002
1301770003
1301770004
1301780001
1301790001
1301790002
1301790003
1301790004
1301790005
1301790006
1301790007
1301790008
1301790009
1301790010
1301790011
1301790012
1301790013
1301790014
1301800001
1301800002
1301800003
1301800004
1301810001
1301820001
1301820002
1301820003
1301820004
1301820005
1301820006
1301820007
1301820008
1301820009
1301820010
1301820011
1301820012
1301830001
1301850001
1301850002
1301860001
1301860002
1301860003
1301860004
1301870001
1301870002
1301870003
1301870004
1301870005
1301870006
1301870007
1301870008
1301870009
1301870010
1301880001
1400000000
1400090001
1400090002
1400090003
1400090004
1400090005
1400090011
1400090012
1400090013
1400090014
1400090016
1400090017
1400090018
1400090019
1400090023
1400090024
1400090025
1400090026
1400090028
1400090029
1400090030
1400090031
1400090034
1400090035
1400090036
1400090037
1400090038
1400090039
1400090044
1400090045
1400090054
1400090055
1400090064
1400090065
1400090066
1400090067
1400090076
1400090077
1400090090
1400090091
1400090093
1400090094
1400090103
1400090104
1400090112
1400090113
1400090126
1400090127
1400090129
1400090130
1400090142
1400090143
1400090145
1400090146
1400090148
1400090149
1400090157
1400090158
1400090171
1400090172
1400090185
1400090186
1400090187
1400090188
1400090210
1400090211
1400090223
1400090224
1400090226
1400090227
1400090229
1400090230
1400090245
1400090246
1400090260
1400090261
1400090263
1400090264
1400090266
1400090267
1400090269
1400090270
1400100001
1400100002
1400100003
1400100007
1400100008
1400100010
1400100011
1400100012
1400100013
1400100014
1400100015
1400100017
1400100018
1400100020
1400100021
1400100035
1400100036
1400100042
1400100043
1400100055
1400100056
1400100062
1400100063
1400100064
1400100065
1400100078
1400100079
1400100094
1400100095
1400100110
1400100111
1400100113
1400100114
1400100125
1400100126
1400100128
1400100129
1400100130
1400100131
1400100157
1400100158
1400100170
1400100171
1400100173
1400100174
1400100187
1400100188
1400100192
1400100193
1400100199
1400100200
1400100216
1400100217
1400100218
1400100219
1400100222
1400100223
1400100224
1400100225
1400100237
1400100238
1400100251
1400100252
1400100256
1400100257
1400100266
1400100267
1400100268
1400100269
1400100275
1400100276
1400100285
1400100286
1400100288
1400100289
1400100290
1400100291
1400100293
1400100294
1400100295
1400100296
1400100298
1400100299
1400100302
1400100303
1400100305
1400100306
1400100314
1400100315
1400100323
1400100324
1400100326
1400100327
1400100333
1400100334
1400100335
1400100336
1400100337
1400100338
1400100352
1400100353
1400100383
1400100384
1400100391
1400100392
1400100401
1400100402
1400100404
1400100405
1400100406
1400100407
1400100410
1400100411
1400110001
1400110002
1400110003
1400110004
1400110005
1400110007
1400110008
1400110010
1400110011
1400110012
1400110013
1400110031
1400110032
1400110033
1400110034
1400110035
1400110036
1400110037
1400110038
1400110046
1400110047
1400110059
1400110060
1400110069
1400110070
1400110075
1400110076
1400110084
1400110085
1400110113
1400110114
1400110116
1400110117
1400110122
1400110123
1400110132
1400110133
1400110138
1400110139
1400110141
1400110142
1400110143
1400110144
1400110145
1400110146
1400110149
1400110150
1400110155
1400110156
1400110165
1400110166
1400110185
1400110186
1400110189
1400110190
1400110200
1400110201
1400110203
1400110204
1400110206
1400110207
1400110208
1400110209
1400110216
1400110217
1400110255
1400110256
1400110258
1400110259
1400110262
1400110263
1400110264
1400110265
1400110273
1400110274
1400110280
1400110281
1400110315
1400110316
1400110324
1400110325
1400110333
1400110334
1400110335
1400110336
1400110341
1400110342
1400110344
1400110345
1400110346
1400110347
1400110375
1400110376
1400110378
1400110379
1400110381
1400110382
1400110385
1400110386
1400110393
1400110394
1400110403
1400110404
1400110405
1400110406
1400120001
1400120002
1400120003
1400120005
1400120006
1400120013
1400120014
1400120025
1400120026
1400120027
1400120028
1400120029
1400120030
1400120031
1400120032
1400120043
1400120044
1400120051
1400120052
1400120062
1400120063
1400120088
1400120089
1400120094
1400120095
1400120105
1400120106
1400120122
1400120123
1400120147
1400120148
1400120158
1400120159
1400120171
1400120172
1400120174
1400120175
1400120191
1400120192
1400120193
1400120194
1400120205
1400120206
1400120209
1400120210
1400120211
1400120212
1400130001
1400130002
1400130003
1400130004
1400130005
1400130006
1400130007
1400130008
1400130009
1400130010
1400130011
1400130012
1400130013
1400130014
1400130015
1400130016
1400130017
1400130018
1400130019
1400130020
1400130021
1400130022
1400130023
1400130024
1400130025
1400130026
1400130027
1400130028
1400130029
1400130030
1400130031
1400130032
1400130033
1400130034
1400130035
1400130036
1400130037
1400130038
1400130039
1400130040
1400130050
1400130053
1400130058
1400130059
1400130060
1400130061
1400130099
1400130132
1400130142
1400130149
1400130159
1400130167
1400130177
1400130179
1400130190
1400130197
1400130206
1400130219
1400130228
1400130233
1400130234
1400130242
1400130264
1400130269
1400130278
1400130284
1400130302
1400130311
1400130329
1400130330
1400130342
1400130343
1400130376
1400130378
1400130389
1400140001
1400140002
1400140003
1400140004
1400140005
1400140006
1400140007
1400140008
1400140009
1400140010
1400140011
1400140012
1400140013
1400140014
1400140015
1400140016
1400140017
1400140018
1400140019
1400140020
1400140021
1400140022
1400140023
1400140024
1400140025
1400140026
1400140027
1400140028
1400140029
1400140030
1400140033
1400140034
1400140042
1400140051
1400140078
1400140087
1400140093
1400140094
1400140096
1400140097
1400140112
1400140122
1400140147
1400140159
1400140175
1400140178
1400140186
1400140194
1400140205
1400140207
1400140210
1400140211
1400140220
1400140223
1400140233
1400150001
1400150002
1400150003
1400150004
1400150005
1400150006
1400150007
1400150008
1400150009
1400150010
1400150011
1400150012
1400150013
1400150014
1400150015
1400150016
1400150017
1400150018
1400150019
1400150020
1400150021
1400150022
1400150023
1400150024
1400150025
1400150026
1400150027
1400150028
1400150036
1400150045
1400150046
1400150063
1400150094
1400150098
1400150099
1400150101
1400150111
1400150125
1400150129
1400150155
1400150168
1400150175
1400150180
1400150199
1400150200
1400150209
1400150215
1400150217
1400150218
1400150219
1400160001
1400160002
1400160003
1400160004
1400160005
1400160006
1400160007
1400160008
1400160009
1400160010
1400160011
1400160012
1400160013
1400160014
1400160015
1400160016
1400160017
1400160018
1400160019
1400160020
1400160021
1400160022
1400160023
1400160024
1400160025
1400160026
1400160027
1400160028
1400160029
1400160030
1400160031
1400160032
1400160033
1400160034
1400160035
1400160036
1400160037
1400160045
1400160049
1400160053
1400160054
1400160055
1400160063
1400160077
1400160117
1400160125
1400160134
1400160136
1400160148
1400160173
1400160176
1400160178
1400160180
1400160184
1400160196
1400160202
1400160212
1400160215
1400160223
1400160242
1400160243
1400160259
1400160303
1400160317
1400160328
1400160337
1400160342
1400160349
1400160356
1400170001
1400170002
1400170003
1400170004
1400170005
1400170006
1400170007
1400170008
1400170009
1400170010
1400170011
1400170012
1400170013
1400170014
1400170015
1400170016
1400170017
1400170018
1400170019
1400170020
1400170021
1400170022
1400170023
1400170024
1400170025
1400170026
1400170027
1400170028
1400170029
1400170030
1400170044
1400170077
1400170099
1400170110
1400170121
1400170129
1400170145
1400170147
1400170148
1400170156
1400170189
1400170199
1400170207
1400170208
1400170213
1400170226
1400170235
1400170257
1400170268
1400170283
1400170286
1400170288
1400170299
1400190001
1400190002
1400190003
1400190004
1400190005
1400190006
1400190007
1400190008
1400190009
1400190010
1400190011
1400190012
1400190013
1400190014
1400190015
1400190016
1400190017
1400190018
1400190019
1400190020
1400190021
1400190022
1400190023
1400190024
1400190025
1400190026
1400190027
1400190028
1400190038
1400190049
1400190068
1400190078
1400190087
1400190098
1400190144
1400190150
1400190162
1400190171
1400190185
1400190187
1400190197
1400190212
1400190218
1400190224
1400190232
1400190234
1400190239
1400190254
1400190255
1400200001
1400200002
1400200003
1400200004
1400200005
1400200006
1400200007
1400200008
1400200009
1400200010
1400200011
1400200012
1400200013
1400200014
1400200015
1400200016
1400200017
1400200018
1400200019
1400200020
1400200021
1400200022
1400200023
1400200024
1400200025
1400200026
1400200027
1400200028
1400200029
1400200030
1400200031
1400200032
1400200033
1400200034
1400200035
1400200036
1400200037
1400200038
1400200046
1400200049
1400200050
1400200051
1400200080
1400200092
1400200100
1400200123
1400200132
1400200137
1400200147
1400200153
1400200154
1400200164
1400200196
1400200207
1400200214
1400200219
1400200222
1400200231
1400200234
1400200240
1400200253
1400200290
1400200302
1400200313
1400200318
1400200320
1400200321
1400200335
1400200377
1400200388
1400200396
1400210001
1400220001
1400220002
1400220003
1400220004
1400220005
1400220006
1400220007
1400220008
1400220009
1400220010
1400220011
1400220012
1400220013
1400220014
1400220015
1400220016
1400220017
1400220018
1400220019
1400220020
1400220021
1400220022
1400220023
1400220024
1400220025
1400220026
1400220027
1400220028
1400220029
1400220030
1400220031
1400220032
1400220033
1400220041
1400220050
1400220054
1400220065
1400220066
1400220067
1400220075
1400220084
1400220130
1400220146
1400220157
1400220207
1400220219
1400220232
1400220233
1400220236
1400220244
1400220252
1400220265
1400220268
1400220274
1400220275
1400220284
1400220317
1400220325
1400220335
1400220339
1400220341
1400230001
1400230002
1400230003
1400230004
1400230005
1400230006
1400230007
1400230008
1400230009
1400230010
1400230011
1400230012
1400230013
1400230014
1400230015
1400230016
1400230017
1400230018
1400230019
1400230020
1400230021
1400230022
1400230023
1400230024
1400230025
1400230026
1400230027
1400230028
1400230029
1400230030
1400230031
1400230032
1400230033
1400230034
1400230044
1400230056
1400230071
1400230102
1400230120
1400230128
1400230136
1400230140
1400230148
1400230149
1400230160
1400230203
1400230211
1400230220
1400230223
1400230224
1400230246
1400230259
1400230274
1400230285
1400230297
1400230300
1400230309
1400230321
1400230329
1400230330
1400230339
1400230349
1400230354
1400240001
1400240002
1400240003
1400240004
1400240005
1400240006
1400240007
1400240008
1400240009
1400240010
1400240011
1400240012
1400240013
1400240014
1400240015
1400240016
1400240017
1400240018
1400240019
1400240020
1400240021
1400240022
1400240023
1400240024
1400240025
1400240026
1400240027
1400240028
1400240029
1400240030
1400240038
1400240053
1400240056
1400240059
1400240060
1400240072
1400240105
1400240127
1400240133
1400240138
1400240139
1400240140
1400240141
1400240149
1400240161
1400240169
1400240185
1400240193
1400240205
1400240206
1400240210
1400240220
1400240229
1400240236
1400240246
1400250001
1400250002
1400250003
1400250004
1400250005
1400250006
1400250007
1400250008
1400250009
1400250010
1400250011
1400250012
1400250013
1400250014
1400250015
1400250016
1400250017
1400250018
1400250019
1400250020
1400250021
1400250022
1400250023
1400250024
1400250025
1400250026
1400250027
1400250028
1400250029
1400250030
1400250041
1400250044
1400250045
1400250046
1400250057
1400250101
1400250114
1400250122
1400250130
1400250142
1400250149
1400250195
1400250206
1400250222
1400250236
1400250243
1400250244
1400250254
1400250258
1400250268
1400250280
1400250331
1400250339
1400250345
1400250355
1400260001
1400270001
1400280001
1400280002
1400280003
1400280004
1400280005
1400280006
1400280007
1400280008
1400280009
1400280010
1400280011
1400280012
1400280013
1400280014
1400280015
1400280016
1400280017
1400280018
1400280019
1400280020
1400280021
1400280022
1400280023
1400280024
1400280025
1400280026
1400280027
1400280028
1400280029
1400280030
1400280031
1400280032
1400280033
1400280045
1400280052
1400280061
1400280062
1400280063
1400280073
1400280075
1400280116
1400280144
1400280153
1400280157
1400280162
1400280170
1400280185
1400280191
1400280204
1400280212
1400280219
1400280225
1400280226
1400280236
1400280280
1400280289
1400280307
1400280317
1400280329
1400280334
1400280346
1400290001
1400300001
1400300002
1400300003
1400300004
1400300005
1400300006
1400300007
1400300008
1400300009
1400300010
1400300011
1400300012
1400300013
1400300014
1400300015
1400300016
1400300017
1400300018
1400300019
1400300020
1400300021
1400300022
1400300023
1400300024
1400300025
1400300026
1400300027
1400300028
1400300029
1400300030
1400300031
1400300032
1400300033
1400300034
1400300035
1400300046
1400300055
1400300066
1400300103
1400300107
1400300115
1400300124
1400300126
1400300135
1400300146
1400300147
1400300149
1400300166
1400300205
1400300213
1400300224
1400300236
1400300241
1400300250
1400300282
1400300289
1400300297
1400300309
1400300312
1400300320
1400300328
1400300329
1400300330
1400300332
1400310001
1400310002
1400310003
1400310004
1400310005
1400310006
1400310007
1400310008
1400310009
1400310010
1400310011
1400310012
1400310013
1400310014
1400310015
1400310016
1400310017
1400310018
1400310019
1400310020
1400310021
1400310022
1400310023
1400310024
1400310025
1400310026
1400310027
1400310041
1400310057
1400310059
1400310060
1400310077
1400310092
1400310127
1400310142
1400310159
1400310165
1400310199
1400310206
1400310219
1400310223
1400310231
1400310244
1400310259
1400310260
1400310275
1400310318
1400310336
1400310344
1400320001
1400320002
1400320003
1400320004
1400320005
1400320006
1400320007
1400320008
1400320009
1400320010
1400320011
1400320012
1400320013
1400320014
1400320015
1400320016
1400320017
1400320018
1400320019
1400320020
1400320021
1400320022
1400320023
1400320024
1400320025
1400320026
1400320027
1400320041
1400320080
1400320089
1400320096
1400320105
1400320112
1400320113
1400320124
1400320188
1400320197
1400320205
1400320216
1400320219
1400320220
1400320236
1400320246
1400320269
1400320277
1400320290
1400320295
1400320299
1400320326
1400330001
1400330002
1400330003
1400330004
1400330005
1400330006
1400330007
1400330008
1400330009
1400330010
1400330011
1400330012
1400330013
1400330014
1400330015
1400330016
1400330017
1400330018
1400330019
1400330023
1400330024
1400330030
1400330061
1400330068
1400330077
1400330078
1400330097
1400330114
1400330156
1400330221
1400330237
1400330253
1400330259
1400330261
1400330262
1400340001
1400340002
1400340003
1400340004
1400340005
1400340006
1400340007
1400340008
1400340009
1400340010
1400340011
1400340012
1400340013
1400340014
1400340015
1400340016
1400340017
1400340018
1400340019
1400340020
1400340021
1400340022
1400340023
1400340024
1400340025
1400340026
1400340027
1400340028
1400340029
1400340030
1400340031
1400340032
1400340033
1400340045
1400340046
1400340047
1400340064
1400340108
1400340125
1400340130
1400340144
1400340166
1400340176
1400340186
1400340187
1400340201
1400340261
1400340292
1400340312
1400340314
1400340329
1400340381
1400340384
1400340399
1400340412
1400340436
1400340437
1400340450
1400340507
1400340512
1400340517
1400350001
1400350002
1400350003
1400350004
1400350005
1400350006
1400350007
1400350008
1400350009
1400350010
1400350011
1400350012
1400350013
1400350014
1400350015
1400350016
1400350017
1400350018
1400350019
1400350020
1400350021
1400350022
1400350023
1400350024
1400350025
1400350026
1400350027
1400350028
1400350029
1400350030
1400350031
1400350032
1400350033
1400350034
1400350035
1400350036
1400350037
1400350038
1400350039
1400350046
1400350064
1400350075
1400350102
1400350111
1400350123
1400350130
1400350139
1400350140
1400350147
1400350160
1400350164
1400350176
1400350185
1400350192
1400350207
1400350208
1400350221
1400350258
1400350260
1400350272
1400350285
1400350286
1400350292
1400350301
1400350305
1400350316
1400350323
1400350334
1400350344
1400350357
1400350358
1401640001
1401640002
1401640003
1401640004
1401640005
1401640006
1401640007
1401640008
1401640009
1401640010
1401640011
1401640012
1401640013
1401640014
1401640015
1401640016
1401640017
1401640018
1401640019
1401640020
1401640021
1401640022
1401640023
1401640024
1401640025
1401640026
1401640027
1401640028
1401640029
1401640030
1401640031
1401640032
1401640033
1401640034
1401640035
1401640036
1401640037
1401640038
1401640039
1401640040
1401640041
1401640042
1401640043
1401640048
1401640059
1401640061
1401640062
1401640063
1401640067
1401640082
1401640111
1401640120
1401640127
1401640141
1401640148
1401640153
1401640154
1401640164
1401640174
1401640179
1401640188
1401640194
1401640196
1401640197
1401640210
1401640232
1401640243
1401640258
1401640263
1401640268
1401640270
1401640296
1401640305
1401640317
1401640318
1401640329
1401640349
1401640352
1401640353
1401640365
1401640371
1401650001
1401650002
1401650003
1401650004
1401650005
1401650006
1401650007
1401650008
1401650009
1401650010
1401650011
1401650012
1401650013
1401650014
1401650015
1401650016
1401650017
1401650018
1401650019
1401650020
1401650021
1401650022
1401650023
1401650024
1401650025
1401650026
1401650027
1401650028
1401650042
1401650088
1401650098
1401650106
1401650107
1401650114
1401650116
1401650121
1401650122
1401650123
1401650131
1401650140
1401650152
1401650174
1401650183
1401650197
1401650202
1401650205
1401650214
1401650221
1401650228
1401650236
1401650250
1402150001
1402150002
1402150003
1402150004
1402150005
1402150006
1402150007
1402150008
1402150009
1402150010
1402150011
1402150012
1402150013
1402150014
1402150015
1402150016
1402150017
1402150018
1402150019
1402150020
1402150021
1402150022
1402150023
1402150024
1402150025
1402150026
1402150027
1402150028
1402150029
1402150041
1402150048
1402150056
1402150077
1402150119
1402150122
1402150131
1402150147
1402150148
1402150159
1402150213
1402150222
1402150232
1402150239
1402150260
1402150269
1402150309
1402150323
1402150327
1402150337
1402150340
1402150354
1402160001
1402160002
1402160003
1402160004
1402160005
1402160006
1402160007
1402160008
1402160009
1402160010
1402160011
1402160012
1402160013
1402160014
1402160015
1402160016
1402160017
1402160018
1402160019
1402160020
1402160021
1402160022
1402160023
1402160024
1402160025
1402160026
1402160027
1402160028
1402160029
1402160030
1402160031
1402160032
1402160033
1402160034
1402160035
1402160036
1402160037
1402160038
1402160039
1402160040
1402160041
1402160042
1402160051
1402160053
1402160054
1402160056
1402160062
1402160063
1402160064
1402160066
1402160076
1402160078
1402160080
1402160082
1402160084
1402160092
1402160141
1402160146
1402160157
1402160160
1402160188
1402160189
1402160206
1402160210
1402160213
1402160222
1402160234
1402160236
1402160244
1402160255
1402160256
1402160269
1402160308
1402160310
1402160320
1402160327
1402160339
1402160349
1402160354
1402510001
1402510002
1402510003
1402510014
1402510015
1402510024
1402510025
1402510029
1402510030
1402510041
1402510042
1402510053
1402510054
1402510063
1402510064
1402510069
1402510070
1402510075
1402510076
1402510080
1402510081
1402510086
1402510087
1402510091
1402510092
1402510095
1402510096
1402510104
1402510105
1402520001
1402520002
1402520009
1402520010
1402520023
1402520024
1402520032
1402520033
1402520034
1402520035
1402520036
1402520037
1402520038
1402520039
1402520053
1402520054
1402520065
1402520066
1402520067
1402520068
1402520069
1402520070
1402520074
1402520075
1402520126
1402520127
1402520138
1402520139
1402520156
1402520157
1402520174
1402520175
1402520197
1402520198
1402520215
1402520216
1402520235
1402520236
1402520250
1402520251
1402540001
1402540002
1402540003
1402540009
1402540010
1402540014
1402540015
1402540025
1402540026
1402540031
1402540032
1402540037
1402540038
1402540045
1402540046
1402540047
1402540048
1402540059
1402540060
1402540063
1402540064
1402540069
1402540070
1402540073
1402540074
1402540079
1402540080
1402540087
1402540088
1402540092
1402540093
1402540097
1402540098
1402550001
1402550002
1402550003
1402550004
1402550040
1402550041
1402550059
1402550060
1402550070
1402550071
1402550075
1402550076
1402550081
1402550082
1402550096
1402550097
1402550103
1402550104
1402550112
1402550113
1402550114
1402550115
1402550137
1402550138
1402550144
1402550145
1402550190
1402550191
1402550198
1402550199
1402550206
1402550207
1402550215
1402550216
1402550220
1402550221
1402550223
1402550224
1402550241
1402550242
1402550250
1402550251
1402550253
1402550254
1402560001
1402560002
1402560003
1402560011
1402560012
1402560016
1402560017
1402560030
1402560031
1402560036
1402560037
1402560043
1402560044
1402560053
1402560054
1402560059
1402560060
1402560070
1402560071
1402560079
1402560080
1402560083
1402560084
1402560089
1402560090
1402560095
1402560096
1402560104
1402560105
1402560118
1402560119
1402570001
1402570002
1402570003
1402570004
1402570073
1402570074
1402570101
1402570102
1402570239
1402570240
1402580001
1402580002
1402580003
1402580006
1402580007
1402580011
1402580012
1402580015
1402580016
1402580024
1402580025
1402580037
1402580038
1402580044
1402580045
1402580048
1402580049
1402580052
1402580053
1402580058
1402580059
1402580063
1402580064
1402580069
1402580070
1402580076
1402580077
1402580082
1402580083
1402580085
1402580086
1402580091
1402580092
1402580096
1402580097
1402590001
1402590002
1402590011
1402590012
1402590017
1402590018
1402590025
1402590026
1402590030
1402590031
1402590039
1402590040
1402590043
1402590044
1402590045
1402590046
1402590085
1402590086
1402590094
1402590095
1402590098
1402590099
1402590113
1402590114
1402590122
1402590123
1402590134
1402590135
1402590143
1402590144
1402590194
1402590195
1402590209
1402590210
1402590219
1402590220
1402590226
1402590227
1402590232
1402590233
1402590243
1402590244
1402590247
1402590248
1402590257
1402590258
1402590259
1402590260
1402590261
1402590262
1402640001
1402640002
1402640003
1402640013
1402640014
1402640028
1402640029
1402640037
1402640038
1402640051
1402640052
1402640055
1402640056
1402640063
1402640064
1402650001
1402650002
1402650003
1402650004
1402650036
1402650037
1402650054
1402650055
1402650058
1402650059
1402650061
1402650062
1402650063
1402650064
1402650104
1402650105
1402650106
1402650107
1402650112
1402650113
1402650121
1402650122
1402650134
1402650135
1402650175
1402650176
1402650184
1402650185
1402650188
1402650189
1402650193
1402650194
1402660001
1402660002
1402660003
1402660014
1402660015
1402660026
1402660027
1402660037
1402660038
1402660048
1402660049
1402660055
1402660056
1402660066
1402660067
1402660076
1402660077
1402660082
1402660083
1402670001
1402670002
1402670006
1402670007
1402670008
1402670009
1402670022
1402670023
1402670024
1402670025
1402670026
1402670027
1402670029
1402670030
1402670043
1402670044
1402670097
1402670098
1402670122
1402670123
1402670125
1402670126
1402670165
1402670166
1402670170
1402670171
1402670186
1402670187
1402670195
1402670196
1402670197
1402670198
1402670254
1402670255
1402670269
1402670270
1402680001
1402680002
1402680003
1402680005
1402680006
1402680008
1402680009
1402680011
1402680012
1402680026
1402680027
1402680032
1402680033
1402680038
1402680039
1402680049
1402680050
1402680062
1402680063
1402680070
1402680071
1402690001
1402690002
1402690003
1402690004
1402690013
1402690014
1402690032
1402690033
1402690034
1402690035
1402690057
1402690058
1402690080
1402690081
1402690082
1402690083
1402690128
1402690129
1402690131
1402690132
1402690142
1402690143
1402690158
1402690159
1402690160
1402690161
1402690162
1402690163
1402690212
1402690213
1402690222
1402690223
1402690224
1402690225
1402690226
1402690227
1402690228
1402690229
1402690249
1402690250
1402690286
1402690287
1402690306
1402690307
1402690319
1402690320
1402690325
1402690326
1402700001
1402700002
1402700003
1402700006
1402700007
1402700018
1402700019
1402700026
1402700027
1402700038
1402700039
1402700044
1402700045
1402700051
1402700052
1402700058
1402700059
1402710001
1402710002
1402710003
1402710004
1402710006
1402710007
1402710009
1402710010
1402710038
1402710039
1402710055
1402710056
1402710072
1402710073
1402710075
1402710076
1402710079
1402710080
1402710083
1402710084
1402710089
1402710090
1402710097
1402710098
1402710099
1402710100
1402710144
1402710145
1402710155
1402710156
1402710162
1402710163
1402710180
1402710181
1402710194
1402710195
1402710206
1402710207
1402710220
1402710221
1402710224
1402710225
1402710226
1402710227
1402720001
1402720002
1402720003
1402720011
1402720012
1402720021
1402720022
1402720027
1402720028
1402720034
1402720035
1402720040
1402720041
1402720046
1402720047
1402720053
1402720054
1402720056
1402720057
1402720064
1402720065
1402720080
1402720081
1402720088
1402720089
1402720096
1402720097
1402730001
1402730002
1402730005
1402730006
1402730017
1402730018
1402730019
1402730020
1402730021
1402730022
1402730028
1402730029
1402730038
1402730039
1402730081
1402730082
1402730091
1402730092
1402730104
1402730105
1402730112
1402730113
1402730160
1402730161
1402730181
1402730182
1402730187
1402730188
1402730192
1402730193
1402730194
1402730195
1402730239
1402730240
1402730254
1402730255
1402730272
1402730273
1402730274
1402730275
1402730283
1402730284
1402740001
1402760001
1402760002
1402760003
1402760007
1402760008
1402760019
1402760020
1402760025
1402760026
1402760030
1402760031
1402760040
1402760041
1402760047
1402760048
1402760056
1402760057
1402760066
1402760067
1402770001
1402770002
1402770003
1402770004
1402770021
1402770022
1402770072
1402770073
1402770086
1402770087
1402770102
1402770103
1402770117
1402770118
1402770125
1402770126
1402770128
1402770129
1402770132
1402770133
1402770136
1402770137
1402770151
1402770152
1402770153
1402770154
1402770208
1402770209
1402770234
1402770235
1402770241
1402770242
1402770281
1402770282
1402770290
1402770291
1402770296
1402770297
1402770301
1402770302
1402770304
1402770305
1402770318
1402770319
1402770320
1402770321
1402780001
1402780002
1402780003
1402780013
1402780014
1402780023
1402780024
1402780029
1402780030
1402780032
1402780033
1402780042
1402780043
1402780048
1402780049
1402780054
1402780055
1402780063
1402780064
1402780079
1402780080
1402780094
1402780095
1402780104
1402780105
1402790001
1402790002
1402790008
1402790009
1402790025
1402790026
1402790027
1402790028
1402790029
1402790030
1402790031
1402790032
1402790044
1402790045
1402790046
1402790047
1402790050
1402790051
1402790053
1402790054
1402790070
1402790071
1402790085
1402790086
1402790087
1402790088
1402790095
1402790096
1402790133
1402790134
1402790139
1402790140
1402790150
1402790151
1402790160
1402790161
1402790162
1402790163
1402790209
1402790210
1402790235
1402790236
1402790250
1402790251
1402790265
1402790266
1402790275
1402790276
1402800001
1402800002
1402800003
1402800005
1402800006
1402800020
1402800021
1402800029
1402800030
1402800036
1402800037
1402800041
1402800042
1402800050
1402800051
1402800060
1402800061
1402800067
1402800068
1402800073
1402800074
1402800080
1402800081
1402800086
1402800087
1402800092
1402800093
1402800109
1402800110
1402800115
1402800116
1402800125
1402800126
1402800132
1402800133
1402810001
1402810002
1402810003
1402810004
1402810054
1402810055
1402810058
1402810059
1402810075
1402810076
1402810089
1402810090
1402810098
1402810099
1402810100
1402810101
1402810163
1402810164
1402810177
1402810178
1402810190
1402810191
1402810204
1402810205
1402810224
1402810225
1402810226
1402810227
1402810247
1402810248
1402810282
1402810283
1402810296
1402810297
1402810300
1402810301
1402810315
1402810316
1402810321
1402810322
1402820001
1402820002
1402820003
1402820014
1402820015
1402820029
1402820030
1402820035
1402820036
1402820042
1402820043
1402820048
1402820049
1402820062
1402820063
1402820067
1402820068
1402820075
1402820076
1402820081
1402820082
1402820086
1402820087
1402820095
1402820096
1402820103
1402820104
1402830001
1402830002
1402830003
1402830004
1402830008
1402830009
1402830044
1402830045
1402830053
1402830054
1402830075
1402830076
1402830095
1402830096
1402830101
1402830102
1402830103
1402830104
1402830152
1402830153
1402830169
1402830170
1402830181
1402830182
1402830192
1402830193
1402830219
1402830220
1402830229
1402830230
1402830251
1402830252
1402830255
1402830256
1402830268
1402830269
1402830270
1402830271
1402840001
1402840002
1402840003
1402840015
1402840016
1402840027
1402840028
1402840032
1402840033
1402840041
1402840042
1402840052
1402840053
1402840062
1402840063
1402840070
1402840071
1402840080
1402840081
1402840087
1402840088
1402840096
1402840097
1402840102
1402840103
1402840115
1402840116
1402840132
1402840133
1402840140
1402840141
1402840146
1402840147
1402850001
1402850002
1402850004
1402850005
1402850008
1402850009
1402850020
1402850021
1402850049
1402850050
1402850051
1402850052
1402850053
1402850054
1402850057
1402850058
1402850061
1402850062
1402850074
1402850075
1402850085
1402850086
1402850088
1402850089
1402850090
1402850091
1402850109
1402850110
1402850116
1402850117
1402850125
1402850126
1402850168
1402850169
1402850188
1402850189
1402850204
1402850205
1402850218
1402850219
1402850220
1402850221
1402850269
1402850270
1402850279
1402850280
1402850289
1402850290
1402850306
1402850307
1402860001
1402860002
1402860003
1402860019
1402860020
1402860026
1402860027
1402860030
1402860031
1402860037
1402860038
1402860042
1402860043
1402860053
1402860054
1402860060
1402860061
1402860071
1402860072
1402860079
1402860080
1402860092
1402860093
1402860101
1402860102
1402870001
1402870002
1402870003
1402870004
1402870012
1402870013
1402870050
1402870051
1402870053
1402870054
1402870086
1402870087
1402870099
1402870100
1402870111
1402870112
1402870119
1402870120
1402870136
1402870137
1402870138
1402870139
1402870202
1402870203
1402870216
1402870217
1402870241
1402870242
1402870243
1402870244
1402870248
1402870249
1402870251
1402870252
1402870254
1402870255
1402870275
1402870276
1402870280
1402870281
1402870282
1402870283
1402870285
1402870286
1402870289
1402870290
1402870330
1402870331
1402870346
1402870347
1402870351
1402870352
1402870363
1402870364
1402870368
1402870369
1402880001
1402880002
1402880003
1402880013
1402880014
1402880024
1402880025
1402880031
1402880032
1402880039
1402880040
1402880045
1402880046
1402880055
1402880056
1402880065
1402880066
1402880073
1402880074
1402880078
1402880079
1402880089
1402880090
1402880098
1402880099
1402880105
1402880106
1402880112
1402880113
1402880117
1402880118
1402880130
1402880131
1402880140
1402880141
1402890001
1402890002
1402890003
1402890004
1402890008
1402890009
1402890052
1402890053
1402890073
1402890074
1402890080
1402890081
1402890092
1402890093
1402890111
1402890112
1402890113
1402890114
1402890176
1402890177
1402890199
1402890200
1402890223
1402890224
1402890228
1402890229
1402890236
1402890237
1402890249
1402890250
1402890262
1402890263
1402890281
1402890282
1402890285
1402890286
1402890302
1402890303
1402890304
1402890305
1402900001
1402900002
1402900003
1402900013
1402900014
1402900021
1402900022
1402900031
1402900032
1402900039
1402900040
1402900044
1402900045
1402900055
1402900056
1402900068
1402900069
1402900074
1402900075
1402900086
1402900087
1402900103
1402900104
1402900116
1402900117
1402900123
1402900124
1402900133
1402900134
1402910001
1402910002
1402910006
1402910007
1402910015
1402910016
1402910017
1402910018
1402910019
1402910020
1402910026
1402910027
1402910068
1402910069
1402910090
1402910091
1402910093
1402910094
1402910132
1402910133
1402910148
1402910149
1402910155
1402910156
1402910160
1402910161
1402910178
1402910179
1402910182
1402910183
1402910184
1402910185
1402910231
1402910232
1402910246
1402910247
1402910256
1402910257
1402910266
1402910267
1402920001
1402920002
1402920003
1402920017
1402920018
1402920023
1402920024
1402920032
1402920033
1402920050
1402920051
1402920062
1402920063
1402920076
1402920077
1402920087
1402920088
1402920101
1402920102
1402920111
1402920112
1402920118
1402920119
1402920128
1402920129
1402920140
1402920141
1402920148
1402920149
1402920155
1402920156
1402930001
1402930002
1402930003
1402930004
1402930058
1402930059
1402930074
1402930075
1402930099
1402930100
1402930101
1402930102
1402930104
1402930105
1402930115
1402930116
1402930117
1402930118
1402930175
1402930176
1402930191
1402930192
1402930210
1402930211
1402930212
1402930213
1402930225
1402930226
1402930264
1402930265
1402930283
1402930284
1402930297
1402930298
1402930324
1402930325
1402930341
1402930342
1402940001
1402940002
1402940003
1402940013
1402940014
1402940024
1402940025
1402940032
1402940033
1402940036
1402940037
1402940051
1402940052
1402940065
1402940066
1402940067
1402940068
1402940072
1402940073
1402940083
1402940084
1402950001
1402950002
1402950003
1402950004
1402950037
1402950038
1402950039
1402950040
1402950043
1402950044
1402950046
1402950047
1402950050
1402950051
1402950065
1402950066
1402950077
1402950078
1402950079
1402950080
1402950093
1402950094
1402950148
1402950149
1402950163
1402950164
1402950190
1402950191
1402950199
1402950200
1402950230
1402950231
1402950236
1402950237
1402950249
1402950250
1402950252
1402950253
1402950274
1402950275
1402950276
1402950277
1500000000
1500370001
1500370002
1500370003
1500370004
1500370005
1500370006
1500370007
1500370008
1500370009
1500370010
1500370011
1500370012
1500370013
1500370014
1500370015
1500370016
1500370017
1500370018
1500370019
1500370020
1500370021
1500370022
1500370023
1500370024
1500370025
1500370026
1500370027
1500370028
1500370029
1500370030
1500370031
1500370032
1500370033
1500370034
1500370035
1500370036
1500370037
1500370038
1500370039
1500370040
1500370041
1500370042
1500370043
1500370044
1500370045
1500370046
1500370047
1500370048
1500370049
1500370050
1500370051
1500370052
1500370053
1500370054
1500370055
1500370056
1500370057
1500370058
1500370059
1500370068
1500370075
1500370097
1500370103
1500370111
1500370116
1500370124
1500370131
1500370138
1500370144
1500370153
1500370157
1500370165
1500370174
1500370189
1500370200
1500370210
1500370220
1500370227
1500370236
1500370244
1500370251
1500370257
1500370265
1500370273
1500370278
1500370282
1500370288
1500370296
1500370300
1500370309
1500370321
1500370330
1500370334
1500370343
1500370352
1500370353
1500370364
1500370377
1500370391
1500370408
1500370425
1500370437
1500370455
1500370462
1500370469
1500370477
1500370483
1500370491
1500370499
1500370508
1500370521
1500370530
1500370535
1500370540
1500370544
1700000000
1700400002
1700400011
1700400012
1700400013
1700400014
1700400015
1700400016
1700400017
1700400018
1700400019
1700400020
1700400021
1700400022
1700400023
1700400024
1700400025
1700400026
1700400027
1700400028
1700400029
1700400030
1700400031
1700400032
1700400033
1700400034
1700400035
1700400036
1700400037
1700400038
1700400039
1700400040
1700400041
1700400042
1700400043
1700400044
1700400045
1700400046
1700400047
1700400048
1700400049
1700400050
1700400051
1700400052
1700400053
1700400054
1700400055
1700400056
1700400057
1700400058
1700400059
1700400060
1700400061
1700400062
1700400063
1700400064
1700400065
1700400066
1800000000
1800410001
1800430001
1800440001
1801390001
1802190001
1900000000
200000000
2000000000
2000560001
2000560002
2000560003
2000570001
2000570002
2000570003
2000570004
2000570005
2000570006
2000570007
2000570008
2000570009
2000570010
2000570011
2000570012
2000570013
2000570014
2000570015
2000570016
2000570017
2000570018
2000570019
2000570020
2000570021
2000570022
2000570023
2000570024
2000570025
2000570026
2000570027
2000570028
2000570029
2000570030
2000570031
2000570032
2000570033
2000570034
2000570035
2000570036
2000570037
2000570038
2000570039
2000570040
2000570041
2000570042
2000570043
2000570044
2000570045
2000570046
2000570047
2000570048
2000570049
2000570050
2000570051
2000570052
2000570058
2000570068
2000570083
2000570095
2000570105
2000570114
2000570124
2000570131
2000570138
2000570143
2000570150
2000570163
2000570180
2000570191
2000570204
2000570215
2000570226
2000570233
2000570240
2000570249
2000570258
2000570266
2000570276
2000570282
2000570290
2000570301
2000570309
2000570311
2000570320
2000570329
2000570337
2000570346
2000570353
2000570360
2000570368
2000570379
2000570386
2000570394
2000570401
2000570410
2000570418
2000570428
2000570436
2000570443
2000570449
2000570456
2000570465
2000570470
2000570480
2100000000
2100990001
2100990002
2100990003
2100990004
2100990005
2100990006
2100990007
2100990008
2100990009
2100990010
2100990011
2100990012
2100990013
2100990014
2100990015
2100990016
2100990017
2100990018
2100990019
2100990020
2100990021
2100990022
2100990023
2100990024
2100990025
2100990026
2100990027
2100990028
2100990029
2100990030
2100990031
2100990032
2100990033
2100990034
2100990035
2100990036
2100990037
2100990038
2100990039
2100990040
2100990041
2100990042
2100990043
2100990044
2100990045
2100990046
2100990047
2100990048
2100990049
2100990058
2100990059
2100990068
2100990078
2100990084
2100990091
2100990098
2100990100
2100990103
2100990113
2100990123
2100990127
2100990130
2100990141
2100990151
2100990161
2100990164
2100990174
2100990184
2100990186
2100990202
2100990205
2100990210
2100990220
2100990230
2100990232
2100990236
2100990249
2100990258
2100990264
2100990274
2100990281
2100990289
2100990291
2100990299
2100990309
2100990327
2100990337
2100990340
2100990350
2100990359
2100990372
2100990382
2100990389
2100990396
2100990403
2200000000
2201340004
2201340110
2201340203
2201340204
2201340205
2201340206
2201340207
2201340208
2201340209
2201340210
2201340211
2201340212
2201340213
2201340214
2201340215
2201340216
2201340217
2201340218
2201340219
2201340220
2201340221
2201340222
2201340223
2201340224
2201340225
2201340226
2201340227
2201340228
2201340229
2201340230
2201340231
2201340232
2201340233
2201340234
2201340235
2201340236
2201340237
2201340238
2201340239
2201340240
2201340241
2201340242
2201340243
2201340244
2201340245
2201340246
2201340247
2201340248
2201340249
2201340250
2201340251
2201340252
2201340253
2201340254
2201340255
2201340256
2201340257
2201340258
2201340259
2201340260
2201340261
2201340262
2201340263
2201340264
2201340265
2201340266
2201340267
2201340268
2201340269
2201340270
2201340271
2201340272
2201340273
2201340274
2201340275
2201340276
2201340277
2201340278
2201340279
2201340280
2201340281
2201340282
2201340283
2201340284
2201340285
2201340286
2201340287
2201340288
2201340289
2300000000
2300540001
2300550001
2300670001
2300680001
2300680002
2300680003
2300680004
2300680005
2300680006
2300680007
2300680008
2400000000
2400650001
2400650002
2400650003
2400650004
2400650005
2400650006
2400650007
2400650008
2400650009
2400650010
2400650011
2400650012
2400650013
2400650014
2400650015
2400650016
2400650017
2400650018
2400650019
2400650020
2400650021
2400650022
2400650023
2400650024
2400650025
2400650026
2400650027
2400650028
2400650029
2400650030
2400650031
2400650032
2400650033
2400650034
2400650035
2400650036
2400650037
2400650038
2400650039
2400650040
2400650041
2400650042
2400650043
2400650044
2400650045
2400650046
2400650047
2400650048
2400650049
2400650050
2400650051
2400650052
2400650053
2400650054
2400650055
2400650056
2400650057
2400650058
2400650059
2400650060
2400650061
2400650062
2400650063
2400650064
2400650065
2400650066
2400650067
2400650068
2400650069
2400650070
2400650071
2400650072
2400650109
2400650126
2400650129
2400650140
2400650143
2400650149
2400650160
2400650170
2400650177
2400650183
2400650187
2400650205
2400650212
2400650216
2400650228
2400650231
2400650245
2400650251
2400650274
2400650299
2400650302
2400650306
2400650309
2400650313
2400650320
2400650324
2400650328
2400650331
2400650335
2400650350
2400650358
2400650361
2400650365
2400650371
2400650375
2400650381
2400650391
2400650397
2400650403
2400650413
2400650417
2400650421
2400650425
2400650435
2400650439
2400650446
2400650458
2400650462
2400650466
2400650470
2400650474
2400650478
2400650482
2400650496
2400650513
2400650517
2400650521
2400650525
2400650528
2400650537
2400650541
2400650546
2400650551
2400650555
2400650560
2400650564
2400650572
2400650580
2400650585
2400650590
2500000000
2500660001
2500660002
2500660003
2500660004
2500660005
2500660006
2500660007
2500660008
2500660009
2500660010
2500660011
2500660012
2500660013
2500660014
2500660015
2500660067
2500660095
2500660203
2500660235
2500660251
2500660289
2500660301
2500660311
2500660312
2500660406
2500660582
2700000000
2700520001
2700620001
2800000000
2800530001
2800530002
2800530003
2800530004
2800530019
2800530217
2900000000
2900630001
2900630002
2900630003
3000000000
3000730002
3000730007
3000730012
3000730014
3000730016
3000730018
3000730020
3000730022
3000730024
3000730026
3100000000
3101150001
3101150002
3101150003
3101150004
3101150005
3101150006
3101150007
3101150008
3101150009
3101150010
3101150011
3101150012
3101150013
3101150014
3101150015
3101150016
3101150017
3101150018
3101150019
3101150020
3101150021
3101150022
3101150023
3101150024
3101150025
3101150026
3101150027
3101150028
3101150029
3101150030
3101150031
3101150032
3101150033
3101150034
3101150035
3101150036
3101150037
3101150038
3101150039
3101150040
3101210001
3101210002
3101210003
3101210004
3101210005
3101210006
3101210007
3101210008
3101210009
3101210010
3101210011
3101210012
3101210013
3101210014
3101210015
3101210016
3101210017
3101210018
3101210019
3101210020
3101210021
3101210022
3101250001
3101250002
3101250003
3101250004
3101250005
3101250006
3101250007
3101250008
3101250009
3101250010
3101250011
3101250012
3101250013
3101250014
3200000000
3300000000
3400000000
3500000000
3700000000
3800000000
3900000000
3901370221
3901370222
3901370223
3901370224
3901370225
3901370226
3901370227
3901370228
3901370229
3901370230
3901370231
3901370232
3901370233
3901370234
3901370235
3901370236
3901370237
3901370238
3901370239
3901370240
3901370241
3901370242
3901370243
3901370244
3901370245
4000000000
4100000000
4300000000
4500000000
4600000000
4700000000
500000000
5000000000
5100000000
5200000000
5300000000
5500000000
5600000000
5700000000
5800000000
600000000
6200000000
6300000000
6400000000
6500000000
6600000000
6700000000
6800000000
6900000000
700000000
7000000000
7600000000
7800000000
7900000000
800000000
8300000000
900000000
